agricultureStructureIndicator,asOfDate,baseFloodElevation,basementEnclosureCrawlspace,reportedCity,condominiumIndicator,policyCount,countyCode,communityRatingSystemDiscount,dateOfLoss,elevatedBuildingIndicator,elevationCertificateIndicator,elevationDifference,censusTract,floodZone,houseWorship,latitude,longitude,locationOfContents,lowestAdjacentGrade,lowestFloorElevation,numberOfFloorsInTheInsuredBuilding,nonProfitIndicator,obstructionType,occupancyType,originalConstructionDate,originalNBDate,amountPaidOnBuildingClaim,amountPaidOnContentsClaim,amountPaidOnIncreasedCostOfComplianceClaim,postFIRMConstructionIndicator,rateMethod,smallBusinessIndicatorBuilding,state,totalBuildingInsuranceCoverage,totalContentsInsuranceCoverage,yearOfLoss,reportedZipcode,primaryResidence,id
0,2021-09-02T02:27:19Z,NA,NA,Temporarily Unavailable,N,1,51125,NA,1992-04-21T04:00:00Z,0,NA,NA,51125950300,AE,0,37.7,-79.1,0,NA,0,1,0,NA,1,2000-01-01T05:00:00Z,1992-08-15T04:00:00Z,1087.5,NA,NA,0,1,0,VA,42400,0,1992,22951,1,613f4808f2b55a0837e19b03
0,2021-09-02T02:27:19Z,NA,NA,Temporarily Unavailable,N,1,51125,NA,1996-09-06T04:00:00Z,0,NA,NA,51125950300,AE,0,37.7,-79.1,0,NA,0,1,0,NA,1,2000-01-01T05:00:00Z,1992-08-15T04:00:00Z,9495.59,NA,NA,0,1,0,VA,42400,0,1996,22951,1,613f4808f2b55a0837e19b04
0,2021-07-25T01:39:04Z,NA,1,Temporarily Unavailable,N,1,51109,NA,2016-04-06T04:00:00Z,0,NA,NA,51109950100,X,0,38.1,-77.8,0,NA,0,2,0,NA,1,1998-01-01T05:00:00Z,2015-01-30T05:00:00Z,NA,NA,NA,1,7,0,VA,250000,100000,2016,23117,1,613f480bf2b55a0837e1c947
0,2021-07-25T01:39:04Z,NA,1,Temporarily Unavailable,N,1,51540,NA,2012-06-01T04:00:00Z,0,NA,NA,51540000700,X,0,38,-78.5,0,NA,0,2,0,NA,1,1952-01-01T05:00:00Z,2008-04-04T04:00:00Z,NA,NA,NA,0,7,0,VA,250000,100000,2012,22903,1,613f480cf2b55a0837e1d385
0,2021-09-02T02:27:19Z,NA,0,Temporarily Unavailable,N,1,51540,NA,2018-07-30T04:00:00Z,0,NA,NA,51540000502,AE,0,38,-78.5,4,NA,0,2,0,NA,1,1968-07-01T04:00:00Z,1997-09-12T04:00:00Z,39026.7,NA,NA,0,1,0,VA,250000,94500,2018,22903,1,613f4811f2b55a0837e23d70
0,2021-07-25T01:39:04Z,NA,1,Temporarily Unavailable,N,1,51003,NA,2018-05-30T04:00:00Z,1,NA,NA,51003011000,AE,0,38.1,-78.6,0,495.8,0,2,0,54,1,1960-01-01T05:00:00Z,2009-08-05T04:00:00Z,58706.92,NA,NA,0,1,0,VA,250000,0,2018,22901,1,613f4825f2b55a0837e39517
0,2021-07-25T01:39:04Z,NA,NA,Temporarily Unavailable,N,1,51125,NA,2006-06-28T04:00:00Z,0,NA,NA,51125950100,X,0,37.7,-78.7,0,NA,0,2,0,NA,4,2004-01-01T05:00:00Z,2004-11-14T05:00:00Z,NA,NA,NA,0,1,0,VA,33000,0,2006,24562,0,613f4829f2b55a0837e3d285
0,2021-07-25T01:39:04Z,NA,1,Temporarily Unavailable,N,1,51540,NA,2018-08-01T04:00:00Z,0,NA,NA,51540000402,X,0,38,-78.5,2,NA,0,3,0,NA,1,1959-01-01T05:00:00Z,2017-09-06T04:00:00Z,1747.79,NA,NA,0,7,0,VA,30000,12000,2018,22902,1,613f482af2b55a0837e3e967
0,2021-07-25T01:39:04Z,NA,1,Temporarily Unavailable,N,1,51079,NA,2018-06-01T04:00:00Z,0,NA,NA,51079030101,X,0,38.3,-78.5,0,NA,0,3,0,NA,1,1971-01-01T05:00:00Z,2013-05-22T04:00:00Z,2594.22,NA,NA,0,7,0,VA,50000,20000,2018,22973,1,613f482df2b55a0837e40dfc
0,2021-07-25T01:39:04Z,NA,1,Temporarily Unavailable,N,1,51079,NA,2018-06-22T04:00:00Z,0,NA,NA,51079030101,X,0,38.3,-78.5,0,NA,0,3,0,NA,1,1971-01-01T05:00:00Z,2013-05-22T04:00:00Z,NA,NA,NA,0,7,0,VA,50000,20000,2018,22973,1,613f482df2b55a0837e41090
0,2021-07-25T01:39:04Z,NA,1,Temporarily Unavailable,N,1,51003,NA,2003-09-18T04:00:00Z,0,NA,NA,51003010201,X,0,38.2,-78.4,0,NA,0,2,0,NA,1,1976-01-01T05:00:00Z,2001-10-21T04:00:00Z,NA,NA,NA,0,7,0,VA,125000,30000,2003,22923,1,613f482ef2b55a0837e41b28
0,2021-07-25T01:39:04Z,NA,1,Temporarily Unavailable,N,1,51065,NA,1996-09-06T04:00:00Z,0,NA,NA,51065020200,X,0,37.8,-78.2,0,NA,0,2,0,10,1,1965-01-01T05:00:00Z,1995-09-22T04:00:00Z,NA,NA,NA,0,1,0,VA,100000,50000,1996,23038,0,613f482ef2b55a0837e41eea
0,2021-07-25T01:39:04Z,NA,NA,Temporarily Unavailable,N,1,51003,NA,2005-07-17T04:00:00Z,0,NA,NA,51003010700,X,0,38.1,-78.5,0,NA,0,2,0,NA,1,1974-01-01T05:00:00Z,2003-07-20T04:00:00Z,NA,NA,NA,0,7,0,VA,250000,100000,2005,22901,1,613f482ff2b55a0837e426fb
0,2021-07-25T01:39:04Z,NA,1,Temporarily Unavailable,N,1,51003,NA,2010-10-01T04:00:00Z,0,NA,NA,51003011000,X,0,38,-78.6,0,NA,0,3,0,NA,1,1972-01-01T05:00:00Z,2009-12-30T05:00:00Z,NA,NA,NA,0,7,0,VA,125000,50000,2010,22903,0,613f482ef2b55a0837e424ac
0,2021-07-25T01:39:04Z,NA,1,Temporarily Unavailable,N,1,51079,NA,2018-05-30T04:00:00Z,0,NA,NA,51079030101,X,0,38.3,-78.5,0,NA,0,2,0,NA,1,1989-01-01T05:00:00Z,2017-10-11T04:00:00Z,NA,NA,NA,1,7,0,VA,250000,100000,2018,22973,1,613f4832f2b55a0837e463ab
0,2021-07-25T01:39:04Z,NA,1,Temporarily Unavailable,N,1,51079,NA,2013-06-09T04:00:00Z,0,NA,NA,51079030102,X,0,38.3,-78.4,0,NA,0,2,0,NA,1,2010-01-01T05:00:00Z,2011-06-12T04:00:00Z,6429.28,NA,NA,1,7,0,VA,100000,40000,2013,22968,1,613f4833f2b55a0837e4783b
0,2021-07-25T01:39:04Z,NA,1,Temporarily Unavailable,N,1,51079,NA,2015-09-29T04:00:00Z,1,NA,NA,51079030102,X,0,38.3,-78.4,0,NA,0,2,0,60,1,2010-01-01T05:00:00Z,2014-06-12T04:00:00Z,7665.09,NA,NA,1,1,0,VA,100000,0,2015,22968,1,613f4833f2b55a0837e4783c
0,2021-07-25T01:39:04Z,NA,1,Temporarily Unavailable,N,1,51079,NA,2013-01-30T05:00:00Z,0,NA,NA,51079030102,X,0,38.3,-78.4,0,NA,0,2,0,NA,1,2010-01-01T05:00:00Z,2011-06-12T04:00:00Z,6678.42,NA,NA,1,7,0,VA,100000,40000,2013,22968,1,613f4833f2b55a0837e478ef
0,2021-07-25T01:39:04Z,NA,1,Temporarily Unavailable,N,1,51079,NA,2017-07-05T04:00:00Z,1,NA,NA,51079030102,X,0,38.3,-78.4,0,NA,0,2,0,60,1,2010-01-01T05:00:00Z,2014-06-12T04:00:00Z,20705.88,NA,NA,1,1,0,VA,110000,0,2017,22968,1,613f4833f2b55a0837e478f3
0,2021-07-25T01:39:04Z,NA,1,Temporarily Unavailable,N,1,51079,NA,2018-05-31T04:00:00Z,1,NA,NA,51079030102,X,0,38.3,-78.4,0,NA,0,2,0,60,1,2010-01-01T05:00:00Z,2014-06-12T04:00:00Z,15925.09,NA,NA,1,1,0,VA,110000,0,2018,22968,1,613f4833f2b55a0837e478f7
0,2021-07-25T01:39:04Z,NA,NA,Temporarily Unavailable,N,1,51540,NA,2002-06-19T04:00:00Z,0,NA,NA,51540000502,X,0,38,-78.5,0,NA,0,2,0,10,1,1994-01-01T05:00:00Z,2001-09-13T04:00:00Z,1902.98,2360,NA,1,7,0,VA,100000,25000,2002,22903,1,613f4834f2b55a0837e48fc8
0,2021-07-25T01:39:04Z,NA,NA,Temporarily Unavailable,N,1,51003,NA,2013-06-10T04:00:00Z,0,NA,NA,51003010201,X,0,38.2,-78.5,0,NA,0,1,0,NA,1,1981-01-01T05:00:00Z,2013-04-03T04:00:00Z,4216.12,NA,NA,1,7,0,VA,250000,100000,2013,22936,1,613f4834f2b55a0837e49991
0,2021-07-25T01:39:04Z,NA,1,Temporarily Unavailable,N,1,51079,NA,2014-06-11T04:00:00Z,0,NA,NA,51079030101,X,0,38.3,-78.4,0,NA,0,3,0,NA,1,2002-01-01T05:00:00Z,2011-06-27T04:00:00Z,NA,NA,NA,1,7,0,VA,20000,8000,2014,22968,1,613f4834f2b55a0837e4a5d0
0,2021-07-25T01:39:04Z,NA,NA,Temporarily Unavailable,N,1,51125,NA,1996-09-06T04:00:00Z,0,NA,NA,NA,X,0,37.6,-78.8,0,NA,0,2,0,10,1,2020-07-01T04:00:00Z,1987-08-01T04:00:00Z,44300,5612.8,NA,0,1,0,VA,44300,16700,1996,24581,0,613f4835f2b55a0837e4b886
0,2021-07-25T01:39:04Z,NA,NA,Temporarily Unavailable,N,1,51540,NA,1994-07-28T04:00:00Z,0,NA,NA,51540000502,X,0,38,-78.5,0,NA,0,4,0,10,1,1974-01-01T05:00:00Z,1992-11-12T05:00:00Z,NA,NA,NA,0,1,0,VA,45000,0,1994,22903,0,613f4835f2b55a0837e4bac1
0,2021-07-25T01:39:04Z,NA,1,Temporarily Unavailable,N,1,51003,NA,2015-09-22T04:00:00Z,0,NA,NA,51003011000,X,0,38,-78.6,0,NA,0,2,0,NA,1,1981-01-01T05:00:00Z,2014-10-19T04:00:00Z,NA,NA,NA,1,7,0,VA,30000,12000,2015,22903,1,613f4837f2b55a0837e4d2fe
0,2021-07-25T01:39:04Z,NA,1,Temporarily Unavailable,N,1,51540,NA,2018-05-30T04:00:00Z,1,NA,NA,51540000502,AE,0,38,-78.5,0,390.8,0,2,0,54,1,1968-01-01T05:00:00Z,2014-11-05T05:00:00Z,6124.17,NA,NA,0,1,0,VA,230000,0,2018,22903,1,613f4837f2b55a0837e4d5fe
0,2021-07-25T01:39:04Z,NA,1,Temporarily Unavailable,N,1,51540,NA,2018-07-31T04:00:00Z,1,NA,NA,51540000502,AE,0,38,-78.5,0,390.8,0,2,0,54,1,1968-01-01T05:00:00Z,2014-11-05T05:00:00Z,22192.41,NA,NA,0,1,0,VA,230000,0,2018,22903,1,613f4837f2b55a0837e4d5ff
0,2021-07-25T01:39:04Z,NA,NA,Temporarily Unavailable,N,1,51125,NA,1996-09-06T04:00:00Z,0,NA,NA,51125950100,AE,0,37.8,-78.7,0,NA,0,2,0,10,1,1972-07-01T04:00:00Z,1988-10-17T04:00:00Z,NA,2976.23,NA,0,1,0,VA,55100,16000,1996,22971,1,613f4838f2b55a0837e4fb0d
0,2021-07-25T01:39:04Z,NA,NA,Temporarily Unavailable,N,1,51003,NA,1987-09-08T04:00:00Z,0,NA,NA,51003011400,A12,0,37.8,-78.5,4,NA,0,1,0,10,4,1992-10-12T04:00:00Z,1987-02-12T05:00:00Z,6123.62,NA,NA,0,1,0,VA,22000,3200,1987,24590,0,613f4838f2b55a0837e4ffa8
0,2021-09-08T00:26:59Z,NA,1,Temporarily Unavailable,N,1,51003,NA,2018-10-28T04:00:00Z,0,NA,NA,51003010500,X,0,38,-78.4,0,NA,0,3,0,NA,1,2017-01-01T05:00:00Z,2017-09-12T04:00:00Z,67.15,NA,NA,1,7,0,VA,250000,100000,2018,22911,1,613f4839f2b55a0837e51937
0,2021-07-25T01:39:04Z,NA,2,Temporarily Unavailable,N,1,51540,NA,2018-08-01T04:00:00Z,0,NA,NA,51540000201,X,0,38,-78.5,0,NA,0,2,0,NA,1,1959-01-01T05:00:00Z,2018-06-30T04:00:00Z,481.21,NA,NA,0,7,0,VA,150000,60000,2018,22903,1,613f4839f2b55a0837e51996
0,2021-07-25T01:39:04Z,NA,NA,Temporarily Unavailable,N,1,51125,NA,2010-01-24T05:00:00Z,0,NA,NA,51125950200,X,0,37.9,-78.9,0,NA,0,2,0,NA,1,2003-01-01T05:00:00Z,2005-01-14T05:00:00Z,NA,NA,NA,1,7,0,VA,250000,100000,2010,22958,1,613f483cf2b55a0837e5431e
0,2021-07-25T01:39:04Z,NA,NA,Temporarily Unavailable,N,1,51125,NA,2011-04-16T04:00:00Z,0,NA,NA,51125950200,X,0,37.9,-78.9,0,NA,0,2,0,NA,1,2003-01-01T05:00:00Z,2005-01-14T05:00:00Z,3170.22,NA,NA,1,7,0,VA,250000,100000,2011,22958,1,613f483cf2b55a0837e54320
0,2021-07-25T01:39:04Z,NA,NA,Temporarily Unavailable,N,1,51079,NA,1995-06-27T04:00:00Z,0,NA,NA,51079030102,X,0,38.3,-78.4,0,NA,0,3,0,NA,1,1984-01-01T05:00:00Z,1990-09-09T04:00:00Z,NA,NA,NA,0,7,0,VA,20000,5000,1995,22973,1,613f4847f2b55a0837e5d844
0,2021-07-25T01:39:04Z,NA,1,Temporarily Unavailable,N,1,51540,NA,2018-06-01T04:00:00Z,0,NA,NA,51540000502,AE,0,38,-78.5,0,NA,0,2,0,NA,1,1968-01-01T05:00:00Z,2014-07-30T04:00:00Z,1988.61,NA,NA,0,1,0,VA,199700,0,2018,22903,0,613f484ef2b55a0837e66cdd
0,2021-07-25T01:39:04Z,496,4,Temporarily Unavailable,N,1,51003,NA,2018-05-30T04:00:00Z,0,3,-9,51003011000,AE,0,38.1,-78.6,0,488.9,487.1,3,0,NA,1,1980-01-01T05:00:00Z,2000-01-01T05:00:00Z,43081.78,NA,NA,0,1,0,VA,250000,0,2018,22903,1,613f4857f2b55a0837e74e08
0,2021-07-25T01:39:04Z,NA,NA,Temporarily Unavailable,N,1,51079,NA,1996-09-05T04:00:00Z,0,NA,NA,51079030102,X,0,38.3,-78.4,0,NA,0,3,0,NA,1,1984-01-01T05:00:00Z,1990-09-09T04:00:00Z,NA,NA,NA,0,7,0,VA,20000,5000,1996,22973,1,613f4858f2b55a0837e75399
0,2021-07-25T01:39:04Z,NA,1,Temporarily Unavailable,N,1,51109,NA,2014-04-30T04:00:00Z,1,NA,NA,51109950400,X,0,38,-78.1,2,NA,0,3,0,60,1,2011-01-01T05:00:00Z,2014-02-28T05:00:00Z,3126.81,NA,NA,1,7,0,VA,50000,20000,2014,23093,1,613f4869f2b55a0837e86439
0,2021-07-25T01:39:04Z,NA,0,Temporarily Unavailable,N,1,51003,NA,2018-05-30T04:00:00Z,0,NA,NA,51003011000,X,0,38,-78.5,4,NA,0,2,0,NA,1,1953-07-01T04:00:00Z,2017-05-15T04:00:00Z,15335.21,NA,NA,1,7,0,VA,100000,40000,2018,22903,1,613f486ff2b55a0837e8bbb2
0,2021-07-25T01:39:04Z,NA,0,Temporarily Unavailable,N,1,51003,NA,2018-07-31T04:00:00Z,0,NA,NA,51003011000,X,0,38,-78.5,4,NA,0,2,0,NA,1,1953-07-01T04:00:00Z,2017-05-15T04:00:00Z,12097.77,8158.53,NA,1,7,0,VA,100000,40000,2018,22903,1,613f486ff2b55a0837e8bbb9
0,2021-07-25T01:39:04Z,NA,2,Temporarily Unavailable,N,1,51540,NA,2010-01-25T05:00:00Z,0,NA,NA,51540000302,AE,0,38,-78.5,0,NA,0,2,0,NA,1,1964-08-27T04:00:00Z,2009-10-01T04:00:00Z,NA,NA,NA,0,1,0,VA,70000,0,2010,22902,0,613f4872f2b55a0837e8f08c
0,2021-07-25T01:39:04Z,NA,1,Temporarily Unavailable,N,1,51003,NA,2009-06-19T04:00:00Z,0,NA,NA,51003011400,X,0,37.8,-78.5,0,NA,0,2,0,NA,3,1990-07-01T04:00:00Z,1996-05-11T04:00:00Z,16762.63,NA,NA,1,1,0,VA,250000,0,2009,24590,0,613f4887f2b55a0837ea4291
0,2021-07-25T01:39:04Z,NA,NA,Temporarily Unavailable,N,1,51003,NA,1996-01-20T05:00:00Z,0,NA,NA,51003011400,B,0,37.8,-78.5,4,NA,0,2,0,10,1,1973-01-01T05:00:00Z,1993-07-11T04:00:00Z,14593.21,NA,NA,0,1,0,VA,48000,4600,1996,24590,0,613f4888f2b55a0837ea4a3d
0,2021-07-25T01:39:04Z,NA,NA,Temporarily Unavailable,N,1,51003,NA,1996-09-06T04:00:00Z,0,NA,NA,51003011400,B,0,37.8,-78.5,4,NA,0,2,0,10,1,1973-01-01T05:00:00Z,1993-07-11T04:00:00Z,22072.88,4600,NA,0,1,0,VA,48000,4600,1996,24590,0,613f4888f2b55a0837ea4a3e
0,2021-07-25T01:39:04Z,NA,1,Temporarily Unavailable,N,1,51125,NA,2006-10-08T04:00:00Z,0,1,NA,51125950200,C,0,37.9,-78.9,2,NA,0,2,0,NA,1,1990-01-01T05:00:00Z,2003-12-13T05:00:00Z,3642.06,NA,NA,1,7,0,VA,250000,100000,2006,22958,1,613f4889f2b55a0837ea5a23
0,2021-07-25T01:39:04Z,NA,NA,Temporarily Unavailable,N,1,51003,NA,1987-09-08T04:00:00Z,0,NA,NA,51003011400,A,0,37.8,-78.6,3,NA,0,1,0,10,1,1974-07-01T04:00:00Z,1986-03-15T05:00:00Z,3262,1063,NA,0,1,0,VA,46400,34400,1987,22937,0,613f489cf2b55a0837eb8986
0,2021-07-25T01:39:04Z,NA,NA,Temporarily Unavailable,N,1,51109,NA,1992-04-22T04:00:00Z,0,NA,NA,NA,A,0,38.1,-78.2,4,NA,0,2,0,10,1,2000-07-01T04:00:00Z,1990-06-06T04:00:00Z,32913.04,437.5,NA,0,1,0,VA,126000,5000,1992,22942,0,613f489df2b55a0837eb9315
0,2021-07-25T01:39:04Z,NA,NA,Temporarily Unavailable,N,1,51125,NA,1994-07-28T04:00:00Z,0,NA,NA,NA,A,0,37.8,-78.7,3,NA,0,1,0,10,4,1978-07-01T04:00:00Z,1991-12-20T05:00:00Z,1123.83,22313.64,NA,0,1,0,VA,200000,200000,1994,22969,0,613f48a1f2b55a0837ebf114
0,2021-07-25T01:39:04Z,NA,NA,Temporarily Unavailable,N,1,51125,NA,1987-09-08T04:00:00Z,0,NA,NA,51125950100,A,0,37.8,-78.7,0,NA,0,1,0,10,4,1974-07-01T04:00:00Z,1986-12-30T05:00:00Z,NA,NA,NA,0,1,0,VA,100000,0,1987,22969,0,613f48a1f2b55a0837ebedde
0,2021-07-25T01:39:04Z,NA,NA,Temporarily Unavailable,N,1,51003,NA,1996-01-19T05:00:00Z,0,NA,NA,51003011400,A,0,37.8,-78.5,0,NA,0,1,0,NA,4,2040-07-01T04:00:00Z,1986-09-24T04:00:00Z,488.53,NA,NA,0,1,0,VA,11600,0,1996,24562,0,613f48a1f2b55a0837ebee26
0,2021-07-25T01:39:04Z,NA,NA,Temporarily Unavailable,N,1,51540,NA,1996-09-06T04:00:00Z,0,NA,NA,51540000302,A19,0,38,-78.5,3,NA,0,1,0,NA,4,1961-07-01T04:00:00Z,1990-09-22T04:00:00Z,18671.52,6000,NA,0,1,0,VA,125000,6000,1996,22902,0,613f48a1f2b55a0837ebf00d
0,2021-07-25T01:39:04Z,NA,NA,Temporarily Unavailable,N,1,51003,NA,1995-07-17T04:00:00Z,0,NA,NA,51003010700,C,0,38.1,-78.5,3,NA,0,1,0,NA,4,1973-07-01T04:00:00Z,1990-06-17T04:00:00Z,NA,21666.56,NA,0,1,0,VA,0,52500,1995,22901,0,613f48a1f2b55a0837ebf089
0,2021-07-25T01:39:04Z,NA,NA,Temporarily Unavailable,N,1,51003,NA,1998-05-07T04:00:00Z,0,NA,NA,51003010700,C,0,38.1,-78.5,3,NA,0,1,0,NA,4,1973-07-01T04:00:00Z,1990-06-17T04:00:00Z,NA,6611.95,NA,0,1,0,VA,0,55100,1998,22901,0,613f48a1f2b55a0837ebf08a
0,2021-07-25T01:39:04Z,NA,NA,Temporarily Unavailable,N,1,51003,NA,1998-07-09T04:00:00Z,0,NA,NA,51003010700,C,0,38.1,-78.5,3,NA,0,1,0,NA,4,1973-07-01T04:00:00Z,1990-06-17T04:00:00Z,NA,27123.99,NA,0,1,0,VA,0,55100,1998,22901,0,613f48a1f2b55a0837ebf08b
0,2021-07-25T01:39:04Z,NA,NA,Temporarily Unavailable,N,1,51003,NA,2000-07-28T04:00:00Z,0,NA,NA,51003010700,C,0,38.1,-78.5,3,NA,0,1,0,NA,4,1973-07-01T04:00:00Z,1990-06-17T04:00:00Z,NA,NA,NA,0,1,0,VA,0,57900,2000,22901,0,613f48a1f2b55a0837ebf08c
0,2021-07-25T01:39:04Z,NA,NA,Temporarily Unavailable,N,1,51003,NA,2002-06-19T04:00:00Z,0,NA,NA,51003010700,C,0,38.1,-78.5,3,NA,0,1,0,NA,4,1973-07-01T04:00:00Z,1990-06-17T04:00:00Z,NA,37516.71,NA,0,1,0,VA,0,63800,2002,22901,0,613f48a1f2b55a0837ebf08d
0,2021-07-25T01:39:04Z,NA,NA,Temporarily Unavailable,N,1,51540,NA,1996-09-06T04:00:00Z,0,NA,NA,51540000402,B,0,38,-78.5,3,NA,0,1,0,10,4,1972-07-01T04:00:00Z,1996-07-10T04:00:00Z,NA,NA,NA,0,1,0,VA,0,35000,1996,22902,0,613f48a1f2b55a0837ebf2e2
0,2021-07-25T01:39:04Z,NA,NA,Temporarily Unavailable,N,1,51003,NA,1996-09-06T04:00:00Z,0,NA,NA,51003010402,B,0,38,-78.5,4,NA,0,3,0,10,1,1979-06-15T04:00:00Z,1992-01-13T05:00:00Z,NA,NA,NA,1,1,0,VA,60000,5300,1996,22902,1,613f48a7f2b55a0837ec4a42
0,2021-07-25T01:39:04Z,NA,NA,Temporarily Unavailable,N,1,51125,NA,2005-11-29T05:00:00Z,1,NA,NA,51125950300,A10,0,37.8,-79.1,3,NA,0,1,0,10,1,1978-01-01T05:00:00Z,2005-02-04T05:00:00Z,733.26,NA,NA,0,1,0,VA,80900,0,2005,22967,1,613f48adf2b55a0837ecbd2e
0,2021-07-25T01:39:04Z,NA,NA,Temporarily Unavailable,N,1,51125,NA,1996-09-06T04:00:00Z,0,NA,NA,NA,C,0,37.8,-79,3,NA,0,1,0,10,1,1974-07-01T04:00:00Z,1993-03-15T05:00:00Z,1388.89,NA,NA,0,1,0,VA,70700,13300,1996,22967,1,613f48adf2b55a0837ecbaa4
0,2021-07-25T01:39:04Z,NA,NA,Temporarily Unavailable,N,1,51125,NA,1996-01-19T05:00:00Z,0,NA,NA,51125950300,AE,0,37.8,-79,3,NA,0,1,0,10,1,1974-07-01T04:00:00Z,1991-03-15T05:00:00Z,418.99,NA,NA,0,1,0,VA,10700,3300,1996,22976,1,613f48adf2b55a0837ecbaa7
0,2021-07-25T01:39:04Z,NA,NA,Temporarily Unavailable,N,1,51125,NA,1996-09-06T04:00:00Z,0,NA,NA,51125950300,AE,0,37.8,-79,3,NA,0,1,0,10,1,1974-07-01T04:00:00Z,1991-03-15T05:00:00Z,8188.36,1717.95,NA,0,1,0,VA,11900,3600,1996,22976,1,613f48adf2b55a0837ecbaa9
0,2021-07-25T01:39:04Z,NA,NA,Temporarily Unavailable,N,1,51125,NA,2005-11-29T05:00:00Z,0,NA,NA,51125950300,AE,0,37.8,-79,3,NA,0,1,0,10,1,1974-07-01T04:00:00Z,1991-03-15T05:00:00Z,12224.93,3790.28,NA,0,1,0,VA,26000,5300,2005,22976,1,613f48adf2b55a0837ecbaae
0,2021-07-25T01:39:04Z,NA,NA,Temporarily Unavailable,N,1,51125,NA,2011-04-16T04:00:00Z,0,NA,NA,51125950300,A,0,37.9,-78.9,4,NA,0,2,0,10,6,2040-01-01T05:00:00Z,1993-09-18T04:00:00Z,24737.42,NA,NA,0,1,0,VA,80000,0,2011,22958,0,613f48adf2b55a0837ecbae7
0,2021-07-25T01:39:04Z,NA,1,Temporarily Unavailable,N,1,51125,NA,2003-09-18T04:00:00Z,0,NA,NA,51125950100,C,0,37.5,-78.8,2,NA,0,2,0,10,1,1986-11-01T05:00:00Z,1998-10-27T05:00:00Z,3220.31,NA,NA,1,7,0,VA,50000,12000,2003,24553,1,613f48adf2b55a0837ecbba5
0,2021-07-25T01:39:04Z,NA,1,Temporarily Unavailable,N,1,51003,NA,2015-06-25T04:00:00Z,0,NA,NA,51003011202,X,0,37.9,-78.6,2,NA,0,4,0,NA,1,1977-01-01T05:00:00Z,2013-07-22T04:00:00Z,NA,NA,NA,0,1,0,VA,147000,500,2015,22959,0,613f48aef2b55a0837eccb0b
0,2021-07-25T01:39:04Z,NA,2,Temporarily Unavailable,N,1,51003,NA,2013-07-11T04:00:00Z,0,NA,NA,51003011202,AE,0,38,-78.5,2,NA,0,2,0,NA,1,1950-01-01T05:00:00Z,1999-10-31T04:00:00Z,513.25,3029.18,NA,0,1,0,VA,174900,31500,2013,22903,1,613f48b1f2b55a0837ecf57a
0,2021-07-25T01:39:04Z,NA,2,Temporarily Unavailable,N,1,51003,NA,2018-05-31T04:00:00Z,0,NA,NA,51003011202,AE,0,38,-78.5,2,NA,0,2,0,NA,1,1950-01-01T05:00:00Z,1999-10-31T04:00:00Z,1344.78,NA,NA,0,1,0,VA,174900,31500,2018,22903,1,613f48b1f2b55a0837ecf57b
0,2021-07-25T01:39:04Z,NA,NA,Temporarily Unavailable,N,1,51065,NA,1992-04-22T04:00:00Z,0,2,NA,NA,AE,0,37.8,-78.5,3,NA,0,1,0,10,1,1976-07-01T04:00:00Z,1987-06-11T04:00:00Z,NA,NA,NA,0,1,0,VA,9700,2000,1992,24590,0,613f48b2f2b55a0837ed0540
0,2021-07-25T01:39:04Z,NA,1,Temporarily Unavailable,N,1,51540,NA,2013-07-11T04:00:00Z,0,NA,NA,51540000502,AE,0,38,-78.5,2,NA,0,4,0,NA,1,1968-01-01T05:00:00Z,2006-03-30T05:00:00Z,6269.12,NA,NA,0,1,0,VA,250000,10500,2013,22903,0,613f48b3f2b55a0837ed08b1
0,2021-07-25T01:39:04Z,NA,NA,Temporarily Unavailable,N,1,51540,NA,1995-06-18T04:00:00Z,0,NA,NA,51540000502,X,0,38,-78.5,0,NA,0,2,0,10,1,1975-01-01T05:00:00Z,1994-08-01T04:00:00Z,NA,NA,NA,0,1,0,VA,110000,0,1995,22903,0,613f48b9f2b55a0837ed7918
0,2021-07-25T01:39:04Z,NA,NA,Temporarily Unavailable,N,1,51003,NA,1998-02-18T05:00:00Z,0,NA,NA,51003011202,A,0,38,-78.6,0,NA,0,2,0,NA,1,1961-07-01T04:00:00Z,1994-10-31T05:00:00Z,NA,NA,NA,0,1,0,VA,93000,0,1998,22903,1,613f48baf2b55a0837ed7c4f
0,2021-07-25T01:39:04Z,NA,NA,Temporarily Unavailable,N,1,51125,NA,1996-09-06T04:00:00Z,0,1,NA,51125950300,C,0,37.8,-78.9,0,NA,0,2,0,NA,1,2030-01-01T05:00:00Z,1990-04-24T04:00:00Z,NA,NA,NA,0,1,0,VA,20000,0,1996,22949,0,613f48bef2b55a0837edc8eb
0,2021-07-25T01:39:04Z,NA,NA,Temporarily Unavailable,N,1,51003,NA,2006-06-24T04:00:00Z,0,1,NA,51003011400,C,0,37.8,-78.6,3,NA,0,1,0,NA,1,2015-01-01T05:00:00Z,2003-01-09T05:00:00Z,6525.24,NA,NA,0,7,0,VA,250000,100000,2006,22937,1,613f48c1f2b55a0837edf690
0,2021-07-25T01:39:04Z,NA,1,Temporarily Unavailable,N,1,51540,NA,2003-09-19T04:00:00Z,0,NA,NA,51540000502,A,0,38,-78.5,0,NA,0,2,0,NA,1,1968-01-01T05:00:00Z,2003-07-30T04:00:00Z,NA,NA,NA,0,1,0,VA,150000,0,2003,22903,1,613f48c2f2b55a0837edfd4b
0,2021-07-25T01:39:04Z,NA,1,Temporarily Unavailable,N,1,51540,NA,2014-05-16T04:00:00Z,0,NA,NA,51540000402,X,0,38,-78.5,2,NA,0,3,0,NA,1,1958-01-01T05:00:00Z,2008-08-07T04:00:00Z,3867.22,NA,NA,0,7,0,VA,250000,100000,2014,22902,1,613f48c6f2b55a0837ee4ba2
0,2021-07-25T01:39:04Z,NA,2,Temporarily Unavailable,N,1,51540,NA,2011-08-27T04:00:00Z,0,1,NA,51540000700,X,0,38,-78.5,2,NA,0,3,0,NA,1,2025-12-01T05:00:00Z,2010-03-24T04:00:00Z,NA,NA,NA,0,7,0,VA,150000,60000,2011,22903,1,613f48c7f2b55a0837ee6032
0,2021-07-25T01:39:04Z,NA,1,Temporarily Unavailable,N,1,51540,NA,2003-08-03T04:00:00Z,0,NA,NA,51540000800,X,0,38.1,-78.5,2,NA,0,3,0,10,2,1975-07-01T04:00:00Z,2001-03-25T05:00:00Z,NA,NA,NA,0,1,0,VA,0,16600,2003,22901,1,613f48ccf2b55a0837eeb25e
0,2021-07-25T01:39:04Z,NA,NA,Temporarily Unavailable,N,1,51125,NA,1996-09-06T04:00:00Z,0,NA,NA,51125950100,X,0,37.8,-78.9,0,NA,0,1,0,10,1,1974-07-01T04:00:00Z,1988-07-14T04:00:00Z,NA,NA,NA,0,1,0,VA,53100,0,1996,22949,1,613f48e5f2b55a0837efdece
0,2021-07-25T01:39:04Z,NA,1,Temporarily Unavailable,N,1,51065,NA,1996-09-05T04:00:00Z,0,NA,NA,51065020200,X,0,37.8,-78.2,0,NA,0,2,0,10,1,1965-01-01T05:00:00Z,1995-09-22T04:00:00Z,NA,NA,NA,0,1,0,VA,100000,50000,1996,23038,0,613f48e7f2b55a0837efedb1
0,2021-07-25T01:39:04Z,NA,2,Temporarily Unavailable,N,1,51109,NA,2009-10-31T04:00:00Z,0,1,NA,51109950100,X,0,38.1,-77.8,2,NA,0,2,0,NA,1,2005-11-15T05:00:00Z,2005-11-17T05:00:00Z,NA,NA,NA,1,7,0,VA,250000,100000,2009,23117,1,613f48fcf2b55a0837f11a59
0,2021-07-25T01:39:04Z,NA,1,Temporarily Unavailable,N,1,51003,NA,2013-06-09T04:00:00Z,0,1,NA,51003010402,X,0,38,-78.4,2,NA,0,2,0,NA,1,2002-01-01T05:00:00Z,2010-10-17T04:00:00Z,NA,NA,NA,1,7,0,VA,250000,100000,2013,22902,1,613f4901f2b55a0837f1630c
0,2021-07-25T01:39:04Z,NA,NA,Temporarily Unavailable,N,1,51003,NA,2004-09-28T04:00:00Z,0,NA,NA,NA,A,0,38.1,-78.7,3,NA,0,1,0,NA,6,1975-01-01T05:00:00Z,2003-01-01T05:00:00Z,1018.14,NA,NA,0,1,0,VA,154700,5500,2004,22932,0,613f4912f2b55a0837f21048
0,2021-07-25T01:39:04Z,NA,0,Temporarily Unavailable,N,1,51003,NA,2003-09-18T04:00:00Z,0,NA,NA,51003010100,A,0,38.1,-78.7,0,NA,0,1,0,NA,1,2048-07-01T04:00:00Z,2000-01-01T05:00:00Z,17334.4,NA,NA,0,1,0,VA,20000,0,2003,22932,0,613f4912f2b55a0837f21363
0,2021-07-25T01:39:04Z,NA,0,Temporarily Unavailable,N,1,51003,NA,2004-09-09T04:00:00Z,0,NA,NA,51003010100,A,0,38.1,-78.7,0,NA,0,1,0,NA,1,2048-07-01T04:00:00Z,2000-01-01T05:00:00Z,2124.65,NA,NA,0,1,0,VA,20000,0,2004,22932,0,613f4912f2b55a0837f21364
0,2021-07-25T01:39:04Z,NA,4,Temporarily Unavailable,N,1,51003,NA,2018-09-14T04:00:00Z,0,NA,NA,51003010100,X,0,38.2,-78.7,2,NA,0,2,0,80,1,1974-01-01T05:00:00Z,2000-01-01T05:00:00Z,5990.52,NA,NA,0,7,0,VA,250000,100000,2018,22932,1,613f491cf2b55a0837f2a609
0,2021-07-25T01:39:04Z,NA,NA,Temporarily Unavailable,N,1,51003,NA,2010-03-29T04:00:00Z,0,NA,NA,51003011202,X,0,38,-78.6,0,NA,0,1,0,NA,1,1983-01-01T05:00:00Z,2010-01-30T05:00:00Z,NA,NA,NA,1,7,0,VA,200000,80000,2010,22959,1,613f492ff2b55a0837f3d6b5
0,2021-07-25T01:39:04Z,NA,1,Temporarily Unavailable,N,1,51079,NA,2018-05-31T04:00:00Z,1,NA,NA,51079030101,X,0,38.4,-78.4,0,NA,0,2,0,NA,1,1996-06-01T04:00:00Z,2011-04-23T04:00:00Z,24700.69,NA,NA,1,7,0,VA,250000,100000,2018,22973,1,613f492ff2b55a0837f3da91
0,2021-07-25T01:39:04Z,NA,NA,Temporarily Unavailable,N,1,51003,NA,2018-05-19T04:00:00Z,0,NA,NA,51003010500,X,0,38.1,-78.4,4,NA,0,2,0,NA,1,1963-01-01T05:00:00Z,2017-12-07T05:00:00Z,18339.34,NA,NA,0,7,0,VA,200000,80000,2018,22911,0,613f4930f2b55a0837f3e760
0,2021-07-25T01:39:04Z,NA,NA,Temporarily Unavailable,N,1,51079,NA,1995-06-27T04:00:00Z,1,1,NA,51079030101,A,0,38.3,-78.4,3,NA,0,1,0,10,1,1978-10-30T05:00:00Z,1992-04-15T04:00:00Z,13324.03,3682,NA,0,1,0,VA,43300,10000,1995,22973,0,613f493af2b55a0837f4774e
0,2021-07-25T01:39:04Z,NA,NA,Temporarily Unavailable,N,1,51079,NA,1996-09-06T04:00:00Z,0,NA,NA,51079030101,X,0,38.4,-78.4,0,NA,0,1,0,10,1,1996-06-06T04:00:00Z,1996-07-15T04:00:00Z,13966.42,NA,NA,1,1,0,VA,36000,0,1996,22973,1,613f493af2b55a0837f47767
0,2021-07-25T01:39:04Z,NA,NA,Temporarily Unavailable,N,1,51079,NA,1996-09-05T04:00:00Z,0,NA,NA,NA,A,0,38.3,-78.5,0,NA,0,1,0,10,1,1978-09-14T04:00:00Z,1991-04-01T05:00:00Z,145.55,NA,NA,0,1,0,VA,60000,25000,1996,22973,1,613f493af2b55a0837f47906
0,2021-07-25T01:39:04Z,NA,NA,Temporarily Unavailable,N,1,51079,NA,1996-09-06T04:00:00Z,0,NA,NA,51079030101,A,0,38.3,-78.4,0,NA,0,1,0,10,1,1978-10-30T05:00:00Z,1996-07-02T04:00:00Z,3052.61,5165.16,NA,0,1,0,VA,44000,10000,1996,22973,1,613f493af2b55a0837f47913
0,2021-07-25T01:39:04Z,NA,NA,Temporarily Unavailable,N,1,51079,NA,1995-06-27T04:00:00Z,0,NA,NA,NA,A,0,38.3,-78.5,0,NA,0,1,0,10,1,1978-09-14T04:00:00Z,1991-04-01T05:00:00Z,3194.53,NA,NA,0,1,0,VA,60000,25000,1995,22973,1,613f493af2b55a0837f4798f
0,2021-07-25T01:39:04Z,NA,1,Temporarily Unavailable,N,1,51079,NA,2009-04-29T04:00:00Z,0,NA,NA,51079030200,X,0,38.2,-78.3,2,NA,0,2,0,NA,1,2004-02-15T05:00:00Z,2008-10-24T04:00:00Z,NA,NA,NA,1,7,0,VA,250000,100000,2009,22923,1,613f493ff2b55a0837f4c1c2
0,2021-07-25T01:39:04Z,NA,4,Temporarily Unavailable,N,1,51125,NA,2011-08-13T04:00:00Z,0,NA,NA,51125950200,X,0,37.9,-78.8,3,NA,0,2,0,NA,1,1970-11-01T05:00:00Z,2009-09-04T04:00:00Z,48494.65,5047.25,NA,0,7,0,VA,250000,100000,2011,22920,0,613f493ff2b55a0837f4c52e
0,2021-07-25T01:39:04Z,NA,2,Temporarily Unavailable,N,1,51065,NA,1996-01-20T05:00:00Z,0,NA,NA,NA,A15,0,37.7,-78.3,0,NA,0,2,0,10,1,1969-01-01T05:00:00Z,1990-11-16T05:00:00Z,16536,NA,NA,0,1,0,VA,42000,0,1996,23022,1,613f4947f2b55a0837f5491c
0,2021-07-25T01:39:04Z,NA,2,Temporarily Unavailable,N,1,51065,NA,1996-09-06T04:00:00Z,0,NA,NA,NA,A15,0,37.7,-78.3,0,NA,0,2,0,10,1,1969-01-01T05:00:00Z,1990-11-16T05:00:00Z,36093.12,NA,NA,0,1,0,VA,42000,0,1996,23022,1,613f4947f2b55a0837f5491d
0,2021-07-25T01:39:04Z,NA,NA,Temporarily Unavailable,N,1,51003,NA,1989-05-05T04:00:00Z,0,2,NA,NA,A05,0,38,-78.3,3,NA,0,1,0,10,3,2001-07-01T04:00:00Z,1985-11-17T05:00:00Z,5607.46,3000,NA,0,1,0,VA,7000,3000,1989,22947,0,613f494bf2b55a0837f57571
0,2021-07-25T01:39:04Z,NA,NA,Temporarily Unavailable,N,1,51540,NA,1987-09-08T04:00:00Z,0,2,NA,51540000600,A05,0,38,-78.5,4,NA,0,3,0,10,3,1974-07-01T04:00:00Z,1985-08-21T04:00:00Z,NA,NA,NA,0,1,0,VA,120000,15000,1987,22903,0,613f494bf2b55a0837f57640
0,2021-07-25T01:39:04Z,NA,NA,Temporarily Unavailable,N,1,51540,NA,1989-05-09T04:00:00Z,0,2,NA,51540000600,A05,0,38,-78.5,4,NA,0,3,0,10,3,1974-07-01T04:00:00Z,1985-08-21T04:00:00Z,NA,NA,NA,0,1,0,VA,120000,15000,1989,22903,0,613f494bf2b55a0837f57641
0,2021-07-25T01:39:04Z,NA,NA,Temporarily Unavailable,N,1,51540,NA,1996-09-05T04:00:00Z,0,NA,NA,51540000302,A19,0,38,-78.5,4,NA,0,2,0,10,1,2020-07-01T04:00:00Z,1986-09-15T04:00:00Z,6044.3,503.08,NA,0,1,0,VA,96300,12700,1996,22902,1,613f4951f2b55a0837f5d35b
0,2021-07-25T01:39:04Z,NA,1,Temporarily Unavailable,N,1,51540,NA,1987-09-08T04:00:00Z,0,NA,NA,51540000502,A,0,38,-78.5,0,NA,0,2,0,10,1,1969-07-01T04:00:00Z,1987-08-03T04:00:00Z,4423.46,NA,NA,0,1,0,VA,74100,0,1987,22903,0,613f4951f2b55a0837f5d3bc
0,2021-07-25T01:39:04Z,NA,NA,Temporarily Unavailable,N,1,51003,NA,1987-09-08T04:00:00Z,0,NA,NA,51003011302,A07,0,38,-78.5,4,NA,0,3,0,10,1,2024-07-01T04:00:00Z,1985-10-25T04:00:00Z,6186.74,749.5,NA,0,1,0,VA,44000,20000,1987,22903,1,613f4951f2b55a0837f5d592
0,2021-07-25T01:39:04Z,NA,NA,Temporarily Unavailable,N,1,51003,NA,1995-06-27T04:00:00Z,0,NA,NA,51003010100,A,0,38.1,-78.6,4,NA,0,3,0,10,1,2001-07-01T04:00:00Z,1986-02-04T05:00:00Z,9985.93,400,NA,0,1,0,VA,148000,36900,1995,22932,1,613f4951f2b55a0837f5d77f
0,2021-07-25T01:39:04Z,NA,NA,Temporarily Unavailable,N,1,51079,NA,1995-06-27T04:00:00Z,0,3,3,NA,A,0,38.3,-78.5,3,NA,0,1,0,10,1,1992-03-01T05:00:00Z,1992-06-30T04:00:00Z,561,NA,NA,1,1,0,VA,73000,0,1995,22973,1,613f4952f2b55a0837f5da24
0,2021-07-25T01:39:04Z,NA,NA,Temporarily Unavailable,N,1,51003,NA,1995-06-27T04:00:00Z,0,NA,NA,NA,C,0,38.1,-78.7,3,NA,0,1,0,10,1,1980-02-01T05:00:00Z,1992-03-25T05:00:00Z,27324.34,5050.3,NA,0,1,0,VA,91700,61700,1995,22932,0,613f4952f2b55a0837f5db58
0,2021-07-25T01:39:04Z,NA,NA,Temporarily Unavailable,N,1,51079,NA,1995-06-29T04:00:00Z,0,NA,NA,NA,A,0,38.3,-78.5,3,NA,0,1,0,10,1,2020-07-01T04:00:00Z,1993-11-17T05:00:00Z,NA,NA,NA,0,1,0,VA,119100,10300,1995,22973,1,613f4952f2b55a0837f5deef
0,2021-07-25T01:39:04Z,NA,2,Temporarily Unavailable,N,1,51065,NA,2008-07-05T04:00:00Z,0,NA,NA,51065020102,C,0,37.9,-78.3,2,NA,0,2,0,NA,1,2003-04-01T05:00:00Z,2005-04-09T04:00:00Z,1992.91,4364.81,NA,1,7,0,VA,125000,50000,2008,22963,1,613f4953f2b55a0837f5ea09
0,2021-07-25T01:39:04Z,NA,2,Temporarily Unavailable,N,1,51003,NA,2010-01-25T05:00:00Z,1,NA,NA,51003010402,X,0,38,-78.4,2,NA,0,3,0,54,1,2004-05-01T04:00:00Z,2006-05-20T04:00:00Z,NA,NA,NA,1,7,0,VA,250000,100000,2010,22902,1,613f4953f2b55a0837f5eab6
0,2021-07-25T01:39:04Z,NA,NA,Temporarily Unavailable,N,1,51003,NA,2018-09-17T04:00:00Z,1,2,NA,51003011400,AE,0,37.8,-78.5,0,NA,0,2,0,50,2,2031-01-01T05:00:00Z,2018-09-13T04:00:00Z,10638.64,NA,NA,0,1,0,VA,250000,0,2018,24590,0,613f4991f2b55a0837f95599
0,2021-07-25T01:39:04Z,NA,NA,Temporarily Unavailable,N,1,51125,NA,1996-09-06T04:00:00Z,0,NA,NA,51125950300,B,0,37.8,-79,3,NA,0,1,0,10,4,1972-07-01T04:00:00Z,1995-10-09T04:00:00Z,2233.84,823.1,NA,0,1,0,VA,60500,5600,1996,22954,0,613f49a1f2b55a0837fa1ad8
0,2021-05-23T00:52:17Z,NA,NA,Temporarily Unavailable,N,1,51003,NA,1985-11-07T05:00:00Z,0,NA,NA,NA,A12,0,37.8,-78.5,3,NA,0,1,0,10,4,1972-08-01T04:00:00Z,1985-04-17T05:00:00Z,4300,NA,NA,0,1,0,VA,5300,2400,1985,24590,0,613f49abf2b55a0837fac4db
0,2021-07-25T01:39:04Z,0,1,Temporarily Unavailable,N,1,51540,NA,1987-09-05T04:00:00Z,0,NA,NA,51540000700,A,0,38.1,-78.5,0,NA,0,3,0,10,4,1974-12-31T05:00:00Z,1987-01-21T05:00:00Z,7402.56,NA,NA,0,1,0,VA,200000,0,1987,22903,0,613f49acf2b55a0837fad457
0,2021-07-25T01:39:04Z,NA,1,Temporarily Unavailable,N,1,51003,NA,1996-09-06T04:00:00Z,0,2,NA,51003010402,AE,0,38,-78.5,0,NA,0,3,0,10,1,2035-07-01T04:00:00Z,1994-03-14T05:00:00Z,4605.09,960.05,NA,0,1,0,VA,45000,3400,1996,22901,0,613f49b1f2b55a0837fb25c3
0,2021-07-25T01:39:04Z,NA,NA,Temporarily Unavailable,N,1,51003,NA,1995-06-23T04:00:00Z,1,NA,NA,NA,A,0,38.1,-78.6,0,NA,0,2,0,10,1,1950-07-01T04:00:00Z,1994-06-06T04:00:00Z,11732.15,1521.09,NA,0,1,0,VA,126000,5000,1995,22945,0,613f49b1f2b55a0837fb25c5
0,2021-07-25T01:39:04Z,NA,NA,Temporarily Unavailable,N,1,51003,NA,1996-09-06T04:00:00Z,1,NA,NA,NA,A,0,38.1,-78.6,0,NA,0,2,0,10,1,1950-07-01T04:00:00Z,1994-06-06T04:00:00Z,15657.02,2665.63,NA,0,1,0,VA,126000,5000,1996,22945,0,613f49b1f2b55a0837fb25c6
0,2021-07-25T01:39:04Z,NA,NA,Temporarily Unavailable,N,1,51003,NA,1985-11-05T05:00:00Z,0,NA,NA,NA,A15,0,38,-78.5,3,NA,0,3,0,10,4,1992-10-12T04:00:00Z,1985-04-16T05:00:00Z,15883.53,2656.8,NA,0,1,0,VA,51600,18800,1985,22902,0,613f49bbf2b55a0837fba56b
0,2021-07-25T01:39:04Z,NA,NA,Temporarily Unavailable,N,1,51003,NA,1987-04-16T04:00:00Z,0,NA,NA,NA,A15,0,38,-78.5,3,NA,0,3,0,10,4,1992-10-12T04:00:00Z,1985-04-16T05:00:00Z,500,500,NA,0,1,0,VA,51600,18800,1987,22902,0,613f49bbf2b55a0837fba56c
0,2021-07-25T01:39:04Z,NA,4,Temporarily Unavailable,NA,1,51003,NA,1978-01-27T05:00:00Z,0,NA,NA,NA,NA,0,38,-78.6,0,NA,0,4,0,NA,1,1992-10-12T04:00:00Z,1977-04-12T05:00:00Z,NA,NA,NA,0,NA,0,VA,19300,0,1978,22903,0,613f49bbf2b55a0837fba572
0,2021-07-25T01:39:04Z,NA,2,Temporarily Unavailable,N,1,51003,NA,1996-09-06T04:00:00Z,1,NA,NA,51003010402,X,0,38,-78.5,0,NA,0,3,0,60,1,2001-07-01T04:00:00Z,1995-03-31T05:00:00Z,5758.24,NA,NA,0,1,0,VA,136000,20000,1996,22902,1,613f49bbf2b55a0837fba57c
0,2021-07-25T01:39:04Z,NA,NA,Temporarily Unavailable,N,1,51003,NA,1985-11-07T05:00:00Z,0,NA,NA,51003011400,A12,0,37.8,-78.5,0,NA,0,3,0,10,3,2001-07-01T04:00:00Z,1985-04-27T05:00:00Z,7500,NA,NA,0,1,0,VA,7500,0,1985,NA,0,613f49bbf2b55a0837fba58c
0,2021-07-25T01:39:04Z,NA,NA,Temporarily Unavailable,N,1,51003,NA,1985-11-07T05:00:00Z,0,NA,NA,51003011400,A12,0,37.8,-78.5,0,NA,0,1,0,10,1,2047-07-01T04:00:00Z,1985-04-27T05:00:00Z,10000,NA,NA,0,1,0,VA,10000,0,1985,NA,0,613f49bbf2b55a0837fba58e
0,2021-07-25T01:39:04Z,NA,2,Temporarily Unavailable,N,1,51065,NA,1985-11-07T05:00:00Z,0,NA,NA,NA,A12,0,37.8,-78.5,2,NA,0,3,0,10,1,2016-05-01T04:00:00Z,1985-04-27T05:00:00Z,850,NA,NA,0,1,0,VA,4400,5300,1985,24590,0,613f49bbf2b55a0837fba590
0,2021-07-25T01:39:04Z,NA,2,Temporarily Unavailable,N,1,51065,NA,1987-04-17T04:00:00Z,0,NA,NA,NA,A12,0,37.8,-78.5,2,NA,0,3,0,10,1,2016-05-01T04:00:00Z,1985-04-27T05:00:00Z,NA,NA,NA,0,1,0,VA,4400,5300,1987,24590,0,613f49bbf2b55a0837fba591
0,2021-07-25T01:39:04Z,NA,1,Temporarily Unavailable,N,1,51003,NA,1985-11-07T05:00:00Z,0,NA,NA,51003011400,A12,0,37.8,-78.5,0,NA,0,3,0,10,1,2041-07-01T04:00:00Z,1985-04-27T05:00:00Z,850,NA,NA,0,1,0,VA,11000,0,1985,24590,0,613f49bbf2b55a0837fba593
0,2021-07-25T01:39:04Z,NA,1,Temporarily Unavailable,N,1,51003,NA,1987-04-17T04:00:00Z,0,NA,NA,51003011400,A12,0,37.8,-78.5,0,NA,0,3,0,10,1,2041-07-01T04:00:00Z,1985-04-27T05:00:00Z,NA,NA,NA,0,1,0,VA,11000,0,1987,24590,0,613f49bbf2b55a0837fba595
0,2021-07-25T01:39:04Z,NA,NA,Temporarily Unavailable,N,1,51003,NA,1985-11-07T05:00:00Z,0,NA,NA,51003011400,A12,0,37.8,-78.5,0,NA,0,3,0,10,2,2001-07-01T04:00:00Z,1985-04-27T05:00:00Z,11000,NA,NA,0,1,0,VA,11000,0,1985,NA,0,613f49bbf2b55a0837fba598
0,2021-07-25T01:39:04Z,NA,NA,Temporarily Unavailable,N,1,51065,NA,1985-11-07T05:00:00Z,0,NA,NA,NA,A12,0,37.8,-78.5,4,NA,0,2,0,10,1,2000-05-01T04:00:00Z,1985-04-17T05:00:00Z,9133.14,200,NA,0,1,0,VA,13600,9200,1985,24590,0,613f49bbf2b55a0837fba5a7
0,2021-07-25T01:39:04Z,NA,NA,Temporarily Unavailable,N,1,51003,NA,1987-04-17T04:00:00Z,0,NA,NA,NA,A12,0,37.8,-78.5,3,NA,0,1,0,10,4,1972-08-01T04:00:00Z,1985-04-17T05:00:00Z,NA,NA,NA,0,1,0,VA,5800,2500,1987,24590,0,613f49bbf2b55a0837fba5a9
0,2021-07-25T01:39:04Z,NA,NA,Temporarily Unavailable,N,1,51003,NA,1987-09-08T04:00:00Z,0,NA,NA,NA,A12,0,37.8,-78.5,3,NA,0,1,0,10,4,1972-08-01T04:00:00Z,1985-04-17T05:00:00Z,441,NA,NA,0,1,0,VA,6400,2600,1987,24590,0,613f49bbf2b55a0837fba5aa
0,2021-07-25T01:39:04Z,NA,NA,Temporarily Unavailable,N,1,51003,NA,1985-11-07T05:00:00Z,0,NA,NA,51003011400,A12,0,37.8,-78.5,4,NA,0,3,0,10,4,1950-07-01T04:00:00Z,1985-04-17T05:00:00Z,NA,948,NA,0,1,0,VA,0,23200,1985,24590,0,613f49bbf2b55a0837fba5ab
0,2021-07-25T01:39:04Z,NA,NA,Temporarily Unavailable,N,1,51003,NA,1985-11-07T05:00:00Z,0,NA,NA,51003011400,A12,0,37.8,-78.5,0,NA,0,2,0,10,4,2012-07-01T04:00:00Z,1985-05-03T04:00:00Z,8000,NA,NA,0,1,0,VA,8000,0,1985,24590,0,613f49bbf2b55a0837fba5b6
0,2021-07-25T01:39:04Z,NA,NA,Temporarily Unavailable,N,1,51003,NA,1985-11-07T05:00:00Z,0,NA,NA,51003011400,A12,0,37.8,-78.5,4,NA,0,2,0,10,4,2030-07-01T04:00:00Z,1985-04-17T05:00:00Z,NA,20993.81,NA,0,1,0,VA,0,36400,1985,24590,0,613f49bbf2b55a0837fba5b7
0,2021-07-25T01:39:04Z,NA,NA,Temporarily Unavailable,N,1,51003,NA,1987-04-17T04:00:00Z,0,NA,NA,51003011400,A12,0,37.8,-78.5,0,NA,0,1,0,10,4,2048-07-01T04:00:00Z,1984-05-25T04:00:00Z,1108.7,NA,NA,0,1,0,VA,7500,0,1987,NA,0,613f49bbf2b55a0837fba5fe
0,2021-07-25T01:39:04Z,NA,4,Temporarily Unavailable,NA,1,51065,NA,1978-01-27T05:00:00Z,0,NA,NA,NA,NA,0,37.8,-78.5,0,NA,0,4,0,NA,4,1992-10-12T04:00:00Z,1977-05-09T04:00:00Z,368,85,NA,0,NA,0,VA,6100,5000,1978,24590,0,613f49bbf2b55a0837fba5ff
0,2021-07-25T01:39:04Z,NA,4,Temporarily Unavailable,NA,1,51065,NA,1979-02-26T05:00:00Z,0,NA,NA,NA,NA,0,37.8,-78.5,0,NA,0,4,0,NA,4,1992-10-12T04:00:00Z,1977-05-09T04:00:00Z,NA,NA,NA,0,NA,0,VA,6700,5000,1979,24590,0,613f49bbf2b55a0837fba600
0,2021-07-25T01:39:04Z,NA,4,Temporarily Unavailable,NA,1,51003,NA,1978-01-27T05:00:00Z,0,NA,NA,51003011400,NA,0,37.8,-78.5,0,NA,0,4,0,NA,1,1992-10-12T04:00:00Z,1977-05-08T04:00:00Z,1804.2,NA,NA,0,NA,0,VA,18200,5000,1978,24590,0,613f49bbf2b55a0837fba601
0,2021-07-25T01:39:04Z,NA,NA,Temporarily Unavailable,N,1,51003,NA,1985-11-07T05:00:00Z,0,NA,NA,51003011400,A12,0,37.8,-78.5,0,NA,0,1,0,10,4,2048-07-01T04:00:00Z,1984-05-25T04:00:00Z,7500,NA,NA,0,1,0,VA,7500,0,1985,NA,0,613f49bbf2b55a0837fba62f
0,2021-07-25T01:39:04Z,NA,1,Temporarily Unavailable,N,1,51003,NA,1979-09-21T04:00:00Z,0,1,NA,51003011000,A,0,38,-78.5,2,NA,0,2,0,10,1,1992-10-12T04:00:00Z,1978-09-27T04:00:00Z,NA,765,NA,0,1,0,VA,12100,5000,1979,22903,0,613f49bbf2b55a0837fba82b
0,2021-07-25T01:39:04Z,NA,1,Temporarily Unavailable,N,1,51003,NA,1987-09-08T04:00:00Z,0,1,NA,51003011000,A,0,38,-78.5,2,NA,0,2,0,10,1,1992-10-12T04:00:00Z,1978-09-27T04:00:00Z,91.16,421,NA,0,3,0,VA,19400,6200,1987,22903,0,613f49bbf2b55a0837fba82e
0,2021-07-25T01:39:04Z,NA,NA,Temporarily Unavailable,N,1,51003,NA,1985-11-07T05:00:00Z,0,NA,NA,51003011400,A12,0,37.8,-78.5,0,NA,0,1,0,10,4,2030-06-01T04:00:00Z,1985-04-27T05:00:00Z,7761.76,NA,NA,0,1,0,VA,10000,0,1985,NA,0,613f49ccf2b55a0837fc9f0f
0,2021-07-25T01:39:04Z,NA,NA,Temporarily Unavailable,N,1,51003,NA,1985-11-07T05:00:00Z,0,1,NA,51003011400,A,0,37.8,-78.5,3,NA,0,1,0,10,4,1992-10-12T04:00:00Z,1985-03-10T05:00:00Z,NA,NA,NA,0,1,0,VA,4400,0,1985,NA,0,613f49d0f2b55a0837fcd866
0,2021-07-25T01:39:04Z,NA,NA,Temporarily Unavailable,N,1,51079,NA,1979-09-05T04:00:00Z,0,NA,NA,NA,NA,0,38.3,-78.5,4,NA,0,3,0,10,1,1992-10-12T04:00:00Z,1979-03-29T05:00:00Z,1553.44,NA,NA,0,1,0,VA,29300,1500,1979,22973,0,613f49d0f2b55a0837fcd8d3
0,2021-07-25T01:39:04Z,NA,NA,Temporarily Unavailable,N,1,51079,NA,1979-09-05T04:00:00Z,0,NA,NA,NA,NA,0,38.3,-78.5,2,NA,0,2,0,10,1,1992-10-12T04:00:00Z,1979-03-29T05:00:00Z,NA,288.8,NA,0,1,0,VA,13300,1500,1979,22973,0,613f49d0f2b55a0837fcd8d4
0,2021-07-25T01:39:04Z,NA,NA,Temporarily Unavailable,N,1,51540,NA,1979-06-03T04:00:00Z,0,NA,NA,NA,NA,0,38,-78.5,2,NA,0,2,0,10,1,1992-10-12T04:00:00Z,1979-05-31T04:00:00Z,195.13,2000,NA,0,1,0,VA,8500,2000,1979,22902,0,613f49d0f2b55a0837fcd951
0,2021-07-25T01:39:04Z,NA,NA,Temporarily Unavailable,N,1,51125,NA,1985-11-04T05:00:00Z,0,NA,NA,NA,C,0,37.6,-78.8,4,NA,0,3,0,10,1,2020-07-01T04:00:00Z,1984-08-01T04:00:00Z,11338.03,5934.5,NA,0,1,0,VA,33300,14400,1985,24581,0,613f49d0f2b55a0837fcd990
0,2021-07-25T01:39:04Z,NA,1,Temporarily Unavailable,N,1,51540,NA,1979-06-02T04:00:00Z,0,NA,NA,51540000502,NA,0,38,-78.5,0,NA,0,1,0,10,1,1992-10-12T04:00:00Z,1978-08-18T04:00:00Z,8287.56,NA,NA,0,1,0,VA,35000,0,1979,22903,0,613f49d0f2b55a0837fcdaf0
0,2021-07-25T01:39:04Z,NA,NA,Temporarily Unavailable,N,1,51540,NA,1979-06-02T04:00:00Z,0,1,NA,51540000502,A,0,38,-78.5,2,NA,0,2,0,10,1,1992-10-12T04:00:00Z,1978-08-24T04:00:00Z,10397.15,5000,NA,0,1,0,VA,35000,5000,1979,22903,0,613f49d0f2b55a0837fcdb21
0,2021-07-25T01:39:04Z,NA,NA,Temporarily Unavailable,N,1,51540,NA,1979-09-21T04:00:00Z,0,1,NA,51540000502,A,0,38,-78.5,2,NA,0,2,0,10,1,1992-10-12T04:00:00Z,1978-08-24T04:00:00Z,2677.27,4270.16,NA,0,1,0,VA,50000,15000,1979,22903,0,613f49d0f2b55a0837fcdb22
0,2021-07-25T01:39:04Z,NA,1,Temporarily Unavailable,N,1,51065,NA,1985-11-06T05:00:00Z,0,NA,NA,51065020200,A18,0,37.9,-78.1,0,NA,0,2,0,10,1,1962-07-01T04:00:00Z,1985-06-15T04:00:00Z,NA,NA,NA,0,1,0,VA,44300,0,1985,23084,0,613f49d1f2b55a0837fcddb7
0,2021-07-25T01:39:04Z,NA,NA,Temporarily Unavailable,N,1,51003,6,1979-04-25T05:00:00Z,0,NA,NA,51003010700,A02,0,38.1,-78.5,4,NA,0,2,0,10,1,1992-10-12T04:00:00Z,1978-11-27T05:00:00Z,655.2,NA,NA,0,1,0,VA,11000,10000,1979,22901,0,613f49dbf2b55a0837fd6f41
0,2021-07-25T01:39:04Z,NA,NA,Temporarily Unavailable,N,1,51003,6,1979-04-25T05:00:00Z,0,NA,NA,51003010700,A02,0,38.1,-78.5,3,NA,0,1,0,10,1,1992-10-12T04:00:00Z,1978-11-27T05:00:00Z,185,988.55,NA,0,1,0,VA,38500,10000,1979,22901,0,613f49dbf2b55a0837fd6f42
0,2021-07-25T01:39:04Z,NA,NA,Temporarily Unavailable,N,1,51065,NA,1985-11-04T05:00:00Z,0,NA,NA,51065020200,A18,0,37.8,-78.2,4,NA,0,3,0,10,1,1992-10-12T04:00:00Z,1985-06-15T04:00:00Z,6125.75,46,NA,0,1,0,VA,21200,5000,1985,23038,0,613f49edf2b55a0837fe5d17
0,2021-07-25T01:39:04Z,NA,NA,Temporarily Unavailable,N,1,51065,NA,1987-04-17T04:00:00Z,0,NA,NA,51065020200,A18,0,37.8,-78.2,4,NA,0,3,0,10,1,1992-10-12T04:00:00Z,1985-06-15T04:00:00Z,438.92,496.79,NA,0,1,0,VA,21200,5000,1987,23038,0,613f49edf2b55a0837fe5d18
0,2021-07-25T01:39:04Z,NA,NA,Temporarily Unavailable,N,1,51003,NA,1985-11-07T05:00:00Z,0,NA,NA,51003011400,A15,0,37.8,-78.5,3,NA,0,1,0,10,4,1952-07-01T04:00:00Z,1985-04-24T05:00:00Z,NA,20000,NA,0,1,0,VA,0,20000,1985,24590,0,613f49edf2b55a0837fe5d2d
0,2021-07-25T01:39:04Z,NA,NA,Temporarily Unavailable,N,1,51003,NA,1985-11-07T05:00:00Z,0,NA,NA,51003011400,A15,0,37.8,-78.5,4,NA,0,2,0,10,4,1992-10-12T04:00:00Z,1984-04-19T05:00:00Z,16500,NA,NA,0,1,0,VA,16500,0,1985,24590,0,613f49edf2b55a0837fe5d2e
0,2021-07-25T01:39:04Z,NA,NA,Temporarily Unavailable,N,1,51003,NA,1987-04-17T04:00:00Z,0,NA,NA,51003011400,A15,0,37.8,-78.5,4,NA,0,2,0,10,4,1992-10-12T04:00:00Z,1984-04-19T05:00:00Z,10564.19,NA,NA,0,1,0,VA,16500,0,1987,24590,0,613f49edf2b55a0837fe5d2f
0,2021-07-25T01:39:04Z,NA,NA,Temporarily Unavailable,N,1,51003,NA,1987-09-08T04:00:00Z,0,NA,NA,51003011400,A15,0,37.8,-78.5,4,NA,0,2,0,10,4,1992-10-12T04:00:00Z,1984-04-19T05:00:00Z,3095.56,NA,NA,0,1,0,VA,18200,0,1987,24590,0,613f49edf2b55a0837fe5d30
0,2021-07-25T01:39:04Z,NA,1,Temporarily Unavailable,N,1,51065,NA,1985-11-06T05:00:00Z,0,NA,NA,51065020200,A15,0,37.7,-78.3,2,NA,0,2,0,10,1,1992-10-12T04:00:00Z,1985-11-05T05:00:00Z,21136.68,NA,NA,0,1,0,VA,42400,8400,1985,23022,0,613f49edf2b55a0837fe5da7
0,2021-07-25T01:39:04Z,NA,NA,Temporarily Unavailable,N,1,51125,NA,1985-11-04T05:00:00Z,0,1,NA,NA,A,0,37.8,-79,3,NA,0,1,0,10,1,1970-07-01T04:00:00Z,1985-02-13T05:00:00Z,NA,NA,NA,0,1,0,VA,16500,2800,1985,22967,0,613f49edf2b55a0837fe5dca
0,2021-07-25T01:39:04Z,NA,1,Temporarily Unavailable,N,1,51003,NA,1985-11-07T05:00:00Z,0,NA,NA,51003011400,B,0,37.8,-78.5,2,NA,0,3,0,10,1,1992-10-12T04:00:00Z,1985-03-15T05:00:00Z,310.15,NA,NA,0,1,0,VA,20000,5900,1985,24590,0,613f49edf2b55a0837fe5dd9
0,2021-07-25T01:39:04Z,NA,NA,Temporarily Unavailable,N,1,51540,NA,1979-06-03T04:00:00Z,0,NA,NA,51540000502,NA,0,38,-78.5,0,NA,0,2,0,10,1,1992-10-12T04:00:00Z,1978-09-01T04:00:00Z,2186.25,NA,NA,0,1,0,VA,35000,0,1979,22903,0,613f49f5f2b55a0837fed195
0,2021-07-25T01:39:04Z,NA,1,Temporarily Unavailable,N,1,51540,NA,1979-06-03T04:00:00Z,0,NA,NA,51540000502,NA,0,38,-78.5,1,NA,0,1,0,10,1,1992-10-12T04:00:00Z,1978-10-25T04:00:00Z,7594.79,5000,NA,0,1,0,VA,35000,6000,1979,22903,0,613f49faf2b55a0837ff33ca
0,2021-07-25T01:39:04Z,NA,1,Temporarily Unavailable,N,1,51540,NA,1979-09-21T04:00:00Z,0,NA,NA,51540000502,NA,0,38,-78.5,1,NA,0,1,0,10,1,1992-10-12T04:00:00Z,1978-10-25T04:00:00Z,1897.82,NA,NA,0,1,0,VA,35000,6000,1979,22903,0,613f49faf2b55a0837ff33cb
0,2021-07-25T01:39:04Z,NA,NA,Temporarily Unavailable,N,1,51003,NA,1985-11-07T05:00:00Z,0,1,NA,51003011400,A,0,37.8,-78.5,3,NA,0,1,0,10,4,1992-10-12T04:00:00Z,1985-02-07T05:00:00Z,2375.32,141.44,NA,0,3,0,VA,5500,3500,1985,24590,0,613f49fef2b55a0837ff6ba0
0,2021-07-25T01:39:04Z,NA,NA,Temporarily Unavailable,N,1,51003,NA,1987-04-17T04:00:00Z,0,1,NA,51003011400,A,0,37.8,-78.5,3,NA,0,1,0,10,4,1992-10-12T04:00:00Z,1985-02-07T05:00:00Z,641.85,NA,NA,0,3,0,VA,5500,3500,1987,24590,0,613f49fef2b55a0837ff6ba1
0,2021-07-25T01:39:04Z,663,NA,Temporarily Unavailable,N,1,51125,NA,1979-09-07T04:00:00Z,0,NA,NA,NA,B,0,37.9,-78.8,0,NA,0,1,0,10,1,1992-10-12T04:00:00Z,1979-03-27T05:00:00Z,NA,NA,NA,0,1,0,VA,10000,0,1979,22938,0,613f4a03f2b55a0837ffae94
0,2021-07-25T01:39:04Z,NA,NA,Temporarily Unavailable,N,1,51540,NA,1979-09-21T04:00:00Z,0,NA,NA,51540000800,C,0,38.1,-78.5,4,NA,0,3,0,10,2,1992-10-12T04:00:00Z,1979-06-23T04:00:00Z,1476.79,50,NA,0,1,0,VA,80000,3000,1979,22901,0,613f4a07f2b55a0837ffdc55
0,2021-07-25T01:39:04Z,NA,NA,Temporarily Unavailable,N,1,51003,NA,1979-09-21T04:00:00Z,0,1,NA,51003010700,A,0,38.1,-78.5,2,NA,0,4,0,10,4,1992-10-12T04:00:00Z,1979-06-10T04:00:00Z,NA,24843.47,NA,0,1,0,VA,0,50000,1979,22901,0,613f4a07f2b55a0837ffe37a
0,2021-07-25T01:39:04Z,NA,NA,Temporarily Unavailable,N,1,51003,NA,1985-11-06T05:00:00Z,0,1,NA,51003011400,A,0,37.8,-78.5,3,NA,0,3,0,10,4,1992-10-12T04:00:00Z,1985-08-12T04:00:00Z,NA,8115.12,NA,0,1,0,VA,0,10000,1985,24562,0,613f4a0af2b55a0837fffad5
0,2021-07-25T01:39:04Z,NA,NA,Temporarily Unavailable,N,1,51540,NA,1979-09-22T04:00:00Z,0,NA,NA,51540000600,NA,0,38,-78.5,4,NA,0,3,0,10,3,1992-10-12T04:00:00Z,1979-07-25T04:00:00Z,32814.14,4272.07,NA,0,1,0,VA,100000,10000,1979,22903,0,613f4a0bf2b55a083700009f
0,2021-07-25T01:39:04Z,NA,NA,Temporarily Unavailable,N,1,51125,NA,1979-09-21T04:00:00Z,0,1,NA,NA,A,0,37.9,-78.9,0,NA,0,1,0,10,4,1992-10-12T04:00:00Z,1979-09-11T04:00:00Z,7135.8,NA,NA,0,1,0,VA,80000,0,1979,22958,0,613f4a0df2b55a0837001b58
0,2021-07-25T01:39:04Z,NA,NA,Temporarily Unavailable,N,1,51540,NA,1996-09-06T04:00:00Z,0,NA,NA,51540000302,B,0,38,-78.5,0,NA,0,3,0,NA,2,2000-01-01T05:00:00Z,1991-10-15T04:00:00Z,1263.3,NA,NA,0,1,0,VA,75000,0,1996,22902,0,613f4a0ef2b55a083700249b
0,2021-07-25T01:39:04Z,NA,NA,Temporarily Unavailable,N,1,51540,NA,1979-09-21T04:00:00Z,0,NA,NA,51540000800,C,0,38.1,-78.5,1,NA,0,2,0,10,2,1992-10-12T04:00:00Z,1979-09-19T04:00:00Z,NA,698.62,NA,0,1,0,VA,0,5000,1979,22901,0,613f4a10f2b55a0837003bb5
0,2021-07-25T01:39:04Z,NA,NA,Temporarily Unavailable,N,1,51003,NA,1985-11-07T05:00:00Z,0,NA,NA,51003011400,A12,0,37.8,-78.5,4,NA,0,3,0,10,4,1992-10-12T04:00:00Z,1985-02-21T05:00:00Z,11044.75,NA,NA,0,1,0,VA,44000,0,1985,24590,0,613f4a12f2b55a0837004c5f
0,2021-07-25T01:39:04Z,NA,NA,Temporarily Unavailable,N,1,51003,NA,1987-04-17T04:00:00Z,0,NA,NA,51003011400,A12,0,37.8,-78.5,4,NA,0,3,0,10,4,1992-10-12T04:00:00Z,1985-02-21T05:00:00Z,618.36,NA,NA,0,1,0,VA,48400,0,1987,24590,0,613f4a12f2b55a0837004c60
0,2021-07-25T01:39:04Z,NA,NA,Temporarily Unavailable,N,1,51003,NA,1987-09-08T04:00:00Z,0,NA,NA,51003011400,A12,0,37.8,-78.5,4,NA,0,3,0,10,4,1992-10-12T04:00:00Z,1985-02-21T05:00:00Z,NA,NA,NA,0,1,0,VA,48400,0,1987,24590,0,613f4a12f2b55a0837004c61
0,2021-07-25T01:39:04Z,NA,1,Temporarily Unavailable,N,1,51540,NA,1987-09-08T04:00:00Z,0,1,NA,51540000502,A,0,38,-78.5,2,NA,0,2,0,10,1,1992-10-12T04:00:00Z,1987-06-23T04:00:00Z,3288,853,NA,0,1,0,VA,46600,5900,1987,22903,0,613f4a17f2b55a083700800e
0,2021-07-25T01:39:04Z,NA,NA,Temporarily Unavailable,N,1,51003,NA,1982-05-27T04:00:00Z,0,1,NA,51003011202,A,0,38,-78.5,2,NA,0,3,0,10,1,1992-10-12T04:00:00Z,1981-06-05T04:00:00Z,NA,NA,NA,0,3,0,VA,10300,2100,1982,22901,0,613f4a17f2b55a083700889f
0,2021-05-23T00:52:17Z,NA,NA,Temporarily Unavailable,N,1,51003,NA,1982-05-28T04:00:00Z,0,1,NA,51003010700,A,0,38.1,-78.5,2,NA,0,4,0,10,4,1992-10-12T04:00:00Z,1979-06-10T04:00:00Z,NA,50000,NA,0,3,0,VA,0,50000,1982,22901,0,613f4a17f2b55a0837008c6c
0,2021-07-25T01:39:04Z,NA,NA,Temporarily Unavailable,N,1,51003,NA,1982-05-27T04:00:00Z,0,1,NA,51003010700,A,0,38.1,-78.5,2,NA,0,4,0,10,1,1992-10-12T04:00:00Z,1981-06-27T04:00:00Z,4511.46,6213.38,NA,0,3,0,VA,11000,10500,1982,22901,0,613f4a18f2b55a0837009364
0,2021-07-25T01:39:04Z,NA,NA,Temporarily Unavailable,N,1,51003,NA,1985-11-07T05:00:00Z,0,NA,NA,NA,A15,0,37.8,-78.5,3,NA,0,3,0,10,4,1992-10-12T04:00:00Z,1984-12-08T05:00:00Z,NA,30000,NA,0,1,0,VA,0,30000,1985,24590,0,613f4a1df2b55a083700c275
0,2021-07-25T01:39:04Z,NA,NA,Temporarily Unavailable,N,1,51003,NA,1987-04-17T04:00:00Z,0,NA,NA,NA,A15,0,37.8,-78.5,3,NA,0,3,0,10,4,1992-10-12T04:00:00Z,1984-12-08T05:00:00Z,NA,40000,NA,0,1,0,VA,0,40000,1987,24590,0,613f4a1df2b55a083700c278
0,2021-07-25T01:39:04Z,NA,NA,Temporarily Unavailable,N,1,51003,NA,1987-09-08T04:00:00Z,0,NA,NA,NA,A15,0,37.8,-78.5,3,NA,0,3,0,10,4,1992-10-12T04:00:00Z,1984-12-08T05:00:00Z,NA,30448.99,NA,0,1,0,VA,0,40000,1987,24590,0,613f4a1df2b55a083700c27a
0,2021-07-25T01:39:04Z,NA,1,Temporarily Unavailable,N,1,51125,NA,2006-06-28T04:00:00Z,0,NA,NA,NA,A,0,37.8,-78.9,3,NA,0,2,0,NA,4,2000-01-01T05:00:00Z,1992-02-02T05:00:00Z,NA,NA,NA,0,1,0,VA,7400,12800,2006,22949,0,613f4a1ff2b55a083700d698
0,2021-07-25T01:39:04Z,NA,NA,Temporarily Unavailable,N,1,51125,NA,1985-11-04T05:00:00Z,0,NA,NA,NA,C,0,37.8,-79,0,NA,0,1,0,10,1,1992-10-12T04:00:00Z,1985-02-06T05:00:00Z,1191,NA,NA,0,1,0,VA,40000,0,1985,22967,0,613f4a1ff2b55a083700d85d
0,2021-07-25T01:39:04Z,NA,NA,Temporarily Unavailable,N,1,51065,NA,1985-11-07T05:00:00Z,0,1,NA,NA,A,0,37.8,-78.5,0,NA,0,1,0,10,4,1992-10-12T04:00:00Z,1985-07-16T04:00:00Z,4425,NA,NA,0,3,0,VA,10000,0,1985,24590,0,613f4a23f2b55a0837010207
0,2021-07-25T01:39:04Z,NA,NA,Temporarily Unavailable,N,1,51003,NA,1985-11-07T05:00:00Z,0,1,NA,51003011400,A,0,37.8,-78.5,3,NA,0,2,0,10,4,2034-07-01T04:00:00Z,1985-07-28T04:00:00Z,NA,104200,NA,0,3,0,VA,0,104200,1985,24590,0,613f4a23f2b55a083701070a
0,2021-07-25T01:39:04Z,NA,NA,Temporarily Unavailable,N,1,51003,NA,1987-04-18T04:00:00Z,0,1,NA,51003011400,A,0,37.8,-78.5,3,NA,0,2,0,10,4,2034-07-01T04:00:00Z,1985-07-28T04:00:00Z,NA,4852.58,NA,0,3,0,VA,0,104200,1987,24590,0,613f4a23f2b55a083701070b
0,2021-07-25T01:39:04Z,NA,NA,Temporarily Unavailable,N,1,51003,NA,1987-09-08T04:00:00Z,0,1,NA,51003011400,A,0,37.8,-78.5,3,NA,0,2,0,10,4,2034-07-01T04:00:00Z,1985-07-28T04:00:00Z,NA,5462.06,NA,0,3,0,VA,0,109400,1987,24590,0,613f4a23f2b55a083701070c
0,2021-07-25T01:39:04Z,NA,NA,Temporarily Unavailable,N,1,51003,NA,1990-05-26T04:00:00Z,0,NA,NA,51003010700,C,0,38.1,-78.5,3,NA,0,1,0,10,4,1974-07-01T04:00:00Z,1989-06-16T04:00:00Z,1084.47,934.19,NA,0,1,0,VA,137000,300000,1990,22901,0,613f4a29f2b55a083701514a
0,2021-07-25T01:39:04Z,NA,2,Temporarily Unavailable,N,1,51003,NA,1985-11-06T05:00:00Z,0,NA,NA,51003010402,B,0,38,-78.5,2,NA,0,3,0,10,1,1992-10-12T04:00:00Z,1985-08-06T04:00:00Z,NA,650,NA,0,1,0,VA,35000,5000,1985,22902,0,613f4a2af2b55a08370156cf
0,2021-07-25T01:39:04Z,NA,NA,Temporarily Unavailable,N,1,51003,NA,1985-11-07T05:00:00Z,0,1,NA,51003011400,A,0,37.8,-78.5,4,NA,0,2,0,10,1,1992-10-12T04:00:00Z,1985-09-22T04:00:00Z,NA,2041.9,NA,0,3,0,VA,0,10500,1985,24590,0,613f4a2bf2b55a0837016009
0,2021-07-25T01:39:04Z,NA,NA,Temporarily Unavailable,N,1,51003,NA,1985-11-04T05:00:00Z,0,NA,NA,51003011400,A15,0,37.8,-78.5,4,NA,0,2,0,10,2,1992-10-12T04:00:00Z,1985-03-28T05:00:00Z,7610.4,NA,NA,0,1,0,VA,32500,0,1985,24590,0,613f4a2ef2b55a08370182f4
0,2021-07-25T01:39:04Z,NA,NA,Temporarily Unavailable,N,1,51065,NA,1996-09-07T04:00:00Z,0,NA,NA,51065020200,A25,0,37.7,-78.3,3,NA,0,1,0,10,4,2000-01-01T05:00:00Z,1991-09-20T04:00:00Z,35482.37,NA,NA,0,1,0,VA,155800,16300,1996,23022,0,613f4a2ff2b55a0837018b78
0,2021-07-25T01:39:04Z,NA,1,Temporarily Unavailable,N,1,51540,NA,1987-09-08T04:00:00Z,0,NA,NA,51540000800,C,0,38.1,-78.5,0,NA,0,2,0,10,2,1992-10-12T04:00:00Z,1987-05-14T04:00:00Z,4943.81,NA,NA,0,1,0,VA,39900,0,1987,22901,0,613f4a2ff2b55a0837018e8b
0,2021-07-25T01:39:04Z,NA,NA,Temporarily Unavailable,N,1,51003,NA,1985-11-07T05:00:00Z,0,NA,NA,51003011400,A12,0,37.8,-78.5,4,NA,0,2,0,10,4,1992-10-12T04:00:00Z,1985-05-08T04:00:00Z,14726.03,NA,NA,0,1,0,VA,20000,0,1985,24590,0,613f4a30f2b55a08370190ed
0,2021-07-25T01:39:04Z,NA,NA,Temporarily Unavailable,N,1,51003,NA,1985-11-05T05:00:00Z,0,2,NA,51003011400,A,0,37.8,-78.5,3,NA,0,1,0,10,4,1992-10-12T04:00:00Z,1985-02-23T05:00:00Z,4789.3,NA,NA,0,3,0,VA,50000,0,1985,24590,0,613f4a34f2b55a083701c0bc
0,2021-07-25T01:39:04Z,NA,2,Temporarily Unavailable,N,1,51540,NA,1987-09-08T04:00:00Z,0,2,NA,51540000502,A,0,38,-78.5,2,NA,0,2,0,10,1,1992-10-12T04:00:00Z,1987-07-29T04:00:00Z,NA,NA,NA,0,1,0,VA,25400,4600,1987,22903,0,613f4a36f2b55a083701cfef
0,2021-07-25T01:39:04Z,NA,NA,Temporarily Unavailable,N,1,51003,NA,1985-11-05T05:00:00Z,0,2,NA,51003011400,A,0,37.8,-78.5,3,NA,0,1,0,10,4,1992-10-12T04:00:00Z,1985-08-10T04:00:00Z,28795.32,16225.93,NA,0,1,0,VA,60000,35000,1985,24590,0,613f4a36f2b55a083701d3d2
0,2021-07-25T01:39:04Z,NA,NA,Temporarily Unavailable,N,1,51003,NA,1987-04-17T04:00:00Z,0,2,NA,51003011400,A,0,37.8,-78.5,3,NA,0,1,0,10,4,1992-10-12T04:00:00Z,1985-08-10T04:00:00Z,11630.48,750,NA,0,1,0,VA,60000,35000,1987,24590,0,613f4a36f2b55a083701d3d4
0,2021-07-25T01:39:04Z,NA,NA,Temporarily Unavailable,N,1,51003,NA,1987-09-08T04:00:00Z,0,2,NA,51003011400,A,0,37.8,-78.5,3,NA,0,1,0,10,4,1992-10-12T04:00:00Z,1985-08-10T04:00:00Z,1103.51,NA,NA,0,1,0,VA,66000,36800,1987,24590,0,613f4a36f2b55a083701d3d5
0,2021-07-25T01:39:04Z,NA,1,Temporarily Unavailable,N,1,51540,NA,1987-09-08T04:00:00Z,0,2,NA,51540000502,A,0,38,-78.5,2,NA,0,4,0,10,1,1963-08-01T04:00:00Z,1985-11-14T05:00:00Z,5149.3,NA,NA,0,1,0,VA,30000,1000,1987,22903,0,613f4a37f2b55a083701dc04
0,2021-07-25T01:39:04Z,NA,NA,Temporarily Unavailable,N,1,51003,NA,1985-11-07T05:00:00Z,0,NA,NA,51003011400,A15,0,37.8,-78.5,4,NA,0,2,0,10,2,1992-10-12T04:00:00Z,1984-12-27T05:00:00Z,15083,NA,NA,0,1,0,VA,35000,0,1985,24562,0,613f4a37f2b55a083701df51
0,2021-07-25T01:39:04Z,NA,NA,Temporarily Unavailable,N,1,51003,NA,1987-04-17T04:00:00Z,0,NA,NA,51003011400,A15,0,37.8,-78.5,4,NA,0,2,0,10,2,1992-10-12T04:00:00Z,1984-12-27T05:00:00Z,23150.25,NA,NA,0,1,0,VA,40000,0,1987,24562,0,613f4a37f2b55a083701df52
0,2021-07-25T01:39:04Z,NA,NA,Temporarily Unavailable,N,1,51003,NA,1987-09-08T04:00:00Z,0,NA,NA,51003011400,A15,0,37.8,-78.5,4,NA,0,2,0,10,2,1992-10-12T04:00:00Z,1984-12-27T05:00:00Z,12287.57,NA,NA,0,1,0,VA,40000,0,1987,24562,0,613f4a37f2b55a083701df53
0,2021-07-25T01:39:04Z,NA,NA,Temporarily Unavailable,N,1,51065,NA,1985-11-05T05:00:00Z,0,NA,NA,NA,B,0,37.8,-78.5,3,NA,0,2,0,10,4,1992-10-12T04:00:00Z,1985-02-14T05:00:00Z,NA,108400,NA,0,1,0,VA,0,108400,1985,24590,0,613f4a37f2b55a083701e209
0,2021-07-25T01:39:04Z,NA,NA,Temporarily Unavailable,N,1,51003,NA,1985-11-05T05:00:00Z,0,NA,NA,51003011400,A15,0,37.8,-78.5,4,NA,0,2,0,10,1,1992-10-12T04:00:00Z,1983-08-08T04:00:00Z,25459.32,5300,NA,0,1,0,VA,33000,5300,1985,24590,0,613f4a3af2b55a0837020559
0,2021-07-25T01:39:04Z,NA,2,Temporarily Unavailable,N,1,51065,NA,1987-09-08T04:00:00Z,0,NA,NA,NA,A15,0,37.7,-78.3,2,NA,0,2,0,10,1,1992-10-12T04:00:00Z,1987-01-27T05:00:00Z,8765.12,NA,NA,0,1,0,VA,25000,0,1987,23022,0,613f4a3bf2b55a0837020760
0,2021-07-25T01:39:04Z,NA,NA,Temporarily Unavailable,N,1,51003,NA,1987-04-17T04:00:00Z,0,NA,NA,51003011400,A15,0,37.8,-78.5,4,NA,0,2,0,10,1,1992-10-12T04:00:00Z,1986-11-09T05:00:00Z,6649.8,NA,NA,0,1,0,VA,15400,5300,1987,24590,0,613f4a3bf2b55a08370207a8
0,2021-07-25T01:39:04Z,NA,NA,Temporarily Unavailable,N,1,51003,NA,1987-09-08T04:00:00Z,0,NA,NA,51003011400,A15,0,37.8,-78.5,4,NA,0,2,0,10,1,1992-10-12T04:00:00Z,1986-11-09T05:00:00Z,5482.32,3819,NA,0,1,0,VA,15400,5300,1987,24590,0,613f4a3bf2b55a08370207a9
0,2021-07-25T01:39:04Z,NA,NA,Temporarily Unavailable,N,1,51003,NA,1987-04-17T04:00:00Z,0,NA,NA,51003011400,A12,0,37.8,-78.5,4,NA,0,1,0,10,4,1992-10-12T04:00:00Z,1987-02-12T05:00:00Z,8911,NA,NA,0,1,0,VA,22000,3200,1987,24590,0,613f4a3cf2b55a08370211d5
0,2021-07-25T01:39:04Z,NA,NA,Temporarily Unavailable,N,1,51003,NA,1987-04-17T04:00:00Z,0,NA,NA,51003011400,A12,0,37.8,-78.5,3,NA,0,2,0,10,4,1992-10-12T04:00:00Z,1986-04-22T05:00:00Z,NA,3236.8,NA,0,1,0,VA,0,5000,1987,24590,0,613f4a3cf2b55a0837021337
0,2021-07-25T01:39:04Z,NA,2,Temporarily Unavailable,N,1,51065,NA,1987-04-17T04:00:00Z,0,NA,NA,51065020200,A18,0,37.8,-78.2,2,NA,0,2,0,10,1,1992-10-12T04:00:00Z,1986-06-22T04:00:00Z,NA,NA,NA,0,1,0,VA,49400,4100,1987,23038,0,613f4a3cf2b55a0837021411
0,2021-07-25T01:39:04Z,NA,NA,Temporarily Unavailable,N,1,51003,NA,1987-04-17T04:00:00Z,0,NA,NA,51003011400,A15,0,37.8,-78.5,3,NA,0,2,0,10,4,1992-10-12T04:00:00Z,1986-05-14T04:00:00Z,4622.03,543,NA,0,1,0,VA,5000,26000,1987,24590,0,613f4a3cf2b55a0837021536
0,2021-07-25T01:39:04Z,NA,NA,Temporarily Unavailable,N,1,51003,NA,1987-09-08T04:00:00Z,0,NA,NA,51003011400,A15,0,37.8,-78.5,3,NA,0,2,0,10,4,1992-10-12T04:00:00Z,1986-05-14T04:00:00Z,620,2128,NA,0,1,0,VA,5000,26000,1987,24590,0,613f4a3cf2b55a0837021537
0,2021-07-25T01:39:04Z,NA,NA,Temporarily Unavailable,N,1,51003,NA,1987-04-17T04:00:00Z,0,NA,NA,51003011400,A15,0,37.8,-78.5,4,NA,0,2,0,10,4,1992-10-12T04:00:00Z,1986-07-13T04:00:00Z,6811.92,NA,NA,0,1,0,VA,35100,0,1987,24590,0,613f4a3cf2b55a08370217cf
0,2021-07-25T01:39:04Z,NA,NA,Temporarily Unavailable,N,1,51003,NA,1987-04-17T04:00:00Z,0,NA,NA,51003011400,A15,0,37.8,-78.5,4,NA,0,2,0,10,4,1992-10-12T04:00:00Z,1986-07-13T04:00:00Z,7130.82,NA,NA,0,1,0,VA,35000,25000,1987,24590,0,613f4a3cf2b55a08370217d3
0,2021-07-25T01:39:04Z,NA,NA,Temporarily Unavailable,N,1,51003,NA,1987-09-08T04:00:00Z,0,NA,NA,51003011400,A15,0,37.8,-78.5,4,NA,0,2,0,10,4,1992-10-12T04:00:00Z,1986-07-13T04:00:00Z,NA,NA,NA,0,1,0,VA,38500,26300,1987,24590,0,613f4a3cf2b55a08370217d4
0,2021-07-25T01:39:04Z,NA,NA,Temporarily Unavailable,N,1,51003,NA,1987-04-17T04:00:00Z,0,NA,NA,51003011400,A15,0,37.8,-78.5,4,NA,0,2,0,10,4,1992-10-12T04:00:00Z,1987-01-10T05:00:00Z,4334.37,225,NA,0,1,0,VA,40000,20000,1987,24590,0,613f4a3df2b55a0837022442
0,2021-07-25T01:39:04Z,NA,2,Temporarily Unavailable,N,1,51065,NA,1987-09-08T04:00:00Z,0,NA,NA,NA,A15,0,37.7,-78.3,2,NA,0,2,0,10,1,2030-07-01T04:00:00Z,1987-05-19T04:00:00Z,214,NA,NA,0,1,0,VA,20000,0,1987,23022,0,613f4a3ff2b55a08370231e0
0,2021-07-25T01:39:04Z,NA,NA,Temporarily Unavailable,N,1,51540,NA,1989-04-30T04:00:00Z,0,NA,NA,51540000302,C,0,38,-78.5,3,NA,0,1,0,10,4,1986-07-01T04:00:00Z,1989-03-16T05:00:00Z,NA,616.65,NA,1,1,0,VA,0,50000,1989,22902,0,613f4a40f2b55a0837023f6d
0,2021-07-25T01:39:04Z,NA,2,Temporarily Unavailable,N,1,51125,NA,1996-09-06T04:00:00Z,0,NA,NA,51125950300,C,0,37.7,-78.9,2,NA,0,3,0,10,1,2001-01-01T05:00:00Z,1992-05-09T04:00:00Z,620.91,NA,NA,0,1,0,VA,48400,9200,1996,22922,0,613f4a42f2b55a08370255b3
0,2021-05-23T00:52:17Z,NA,2,Temporarily Unavailable,N,1,51065,NA,1987-04-17T04:00:00Z,0,NA,NA,NA,A15,0,37.7,-78.3,2,NA,0,2,0,10,1,1992-10-12T04:00:00Z,1987-01-27T05:00:00Z,12923.06,NA,NA,0,1,0,VA,25000,0,1987,23022,0,613f4a49f2b55a083702a04f
0,2021-07-25T01:39:04Z,NA,NA,Temporarily Unavailable,N,1,51079,NA,1995-06-27T04:00:00Z,0,NA,NA,NA,A,0,38.2,-78.4,4,0,0,2,0,10,1,1976-07-01T04:00:00Z,1993-03-23T05:00:00Z,3993.61,NA,NA,0,1,0,VA,66500,0,1995,22968,0,613f4a4af2b55a083702a6d8
0,2021-07-25T01:39:04Z,99,NA,Temporarily Unavailable,N,1,51125,NA,2006-06-28T04:00:00Z,0,3,-2,NA,A,0,37.8,-78.7,4,NA,97,2,0,NA,6,1998-01-01T05:00:00Z,1995-01-17T05:00:00Z,NA,NA,NA,1,1,0,VA,6700,11600,2006,22969,0,613f4a4ef2b55a083702d05a
0,2021-07-25T01:39:04Z,NA,NA,Temporarily Unavailable,N,1,51065,NA,2013-06-07T04:00:00Z,0,1,NA,51065020102,X,0,37.9,-78.3,4,NA,0,2,0,NA,1,1989-01-01T05:00:00Z,2012-06-23T04:00:00Z,8539.68,NA,NA,1,7,0,VA,30000,12000,2013,22963,1,613f4a59f2b55a0837036442
0,2021-07-25T01:39:04Z,NA,NA,Temporarily Unavailable,N,1,51079,NA,2018-05-30T04:00:00Z,0,NA,NA,51079030101,X,0,38.4,-78.5,3,NA,0,1,0,NA,1,1997-01-01T05:00:00Z,2013-04-07T04:00:00Z,5311.57,NA,NA,1,7,0,VA,250000,100000,2018,22973,1,613f4a5af2b55a0837036bff
0,2021-07-25T01:39:04Z,NA,1,Temporarily Unavailable,N,1,51003,NA,2018-05-30T04:00:00Z,0,NA,NA,51003011000,X,0,38.1,-78.6,2,NA,0,2,0,NA,1,1962-05-01T04:00:00Z,2016-10-13T04:00:00Z,9472.63,NA,NA,0,7,0,VA,250000,100000,2018,22903,1,613f4a5df2b55a0837038df1
0,2021-07-25T01:39:04Z,NA,1,Temporarily Unavailable,N,1,51079,NA,2018-05-31T04:00:00Z,1,NA,NA,51079030101,A,0,38.4,-78.4,7,NA,0,2,0,54,1,1971-09-01T04:00:00Z,2017-10-20T04:00:00Z,17643.88,2488.8,NA,0,1,0,VA,142500,25000,2018,22973,1,613f4a5ef2b55a0837039862
0,2021-07-25T01:39:04Z,NA,NA,Temporarily Unavailable,N,1,51003,NA,2005-08-06T04:00:00Z,0,1,NA,51003010700,C,0,38.1,-78.5,3,NA,0,1,0,NA,4,1973-07-01T04:00:00Z,2003-06-17T04:00:00Z,NA,64360.8,NA,0,1,0,VA,0,73900,2005,22901,0,613f4a64f2b55a083703dceb
0,2021-07-25T01:39:04Z,NA,NA,Temporarily Unavailable,N,1,51540,NA,2018-06-03T04:00:00Z,0,1,NA,51540000502,AE,0,38,-78.5,4,NA,0,2,0,NA,1,1968-11-01T05:00:00Z,2010-11-08T05:00:00Z,24787.19,NA,NA,0,1,0,VA,236000,5800,2018,22903,0,613f4a6df2b55a0837042771
0,2021-07-25T01:39:04Z,NA,NA,Temporarily Unavailable,N,1,51540,NA,2018-07-31T04:00:00Z,0,1,NA,51540000502,AE,0,38,-78.5,4,NA,0,2,0,NA,1,1968-11-01T05:00:00Z,2010-11-08T05:00:00Z,18501.91,NA,NA,0,1,0,VA,236000,5800,2018,22903,0,613f4a6df2b55a0837042772
0,2021-07-25T01:39:04Z,NA,NA,Temporarily Unavailable,N,1,51003,NA,1985-07-12T04:00:00Z,0,NA,NA,51003010700,C,0,38.1,-78.5,3,NA,0,1,0,10,4,1974-07-01T04:00:00Z,1985-06-16T04:00:00Z,NA,NA,NA,0,1,0,VA,100000,100000,1985,22901,0,613f4a82f2b55a083704e8c5
0,2021-07-25T01:39:04Z,NA,NA,Temporarily Unavailable,N,1,51540,7,1987-01-02T05:00:00Z,0,1,NA,51540000700,A,0,38,-78.5,4,NA,0,3,0,10,1,2035-06-01T04:00:00Z,1986-03-01T05:00:00Z,NA,NA,NA,0,1,0,VA,88700,12800,1987,22903,0,613f4a84f2b55a083704fe72
0,2021-07-25T01:39:04Z,NA,2,Temporarily Unavailable,N,1,51079,NA,2020-11-11T05:00:00Z,0,NA,NA,51079030102,X,0,38.3,-78.4,0,NA,0,2,0,NA,1,2010-01-01T05:00:00Z,2017-06-12T04:00:00Z,25409.15,NA,NA,1,1,0,VA,110000,0,2020,22968,1,613f4a96f2b55a083705c8a1
0,2021-07-25T01:39:04Z,NA,2,Temporarily Unavailable,N,1,51079,NA,2020-11-11T05:00:00Z,0,NA,NA,51079030102,X,0,38.3,-78.4,0,NA,0,2,0,NA,1,2010-01-01T05:00:00Z,2017-06-12T04:00:00Z,25409.15,NA,NA,1,1,0,VA,110000,0,2020,22968,1,613f4a96f2b55a083705c8a2
0,2021-07-25T01:39:04Z,NA,2,Temporarily Unavailable,N,1,51079,NA,2020-11-11T05:00:00Z,0,NA,NA,51079030102,X,0,38.3,-78.4,0,NA,0,2,0,NA,1,2010-01-01T05:00:00Z,2017-06-12T04:00:00Z,25409.15,NA,NA,1,1,0,VA,110000,0,2020,22968,1,613f4a96f2b55a083705c8a3
0,2021-07-25T01:39:04Z,NA,2,Temporarily Unavailable,N,1,51079,NA,2020-11-11T05:00:00Z,0,NA,NA,51079030102,X,0,38.3,-78.4,0,NA,0,2,0,NA,1,2010-01-01T05:00:00Z,2017-06-12T04:00:00Z,25409.15,NA,NA,1,1,0,VA,110000,0,2020,22968,1,613f4a96f2b55a083705c8a4
0,2021-05-23T00:52:17Z,NA,2,Temporarily Unavailable,N,1,51003,NA,1985-11-07T05:00:00Z,0,NA,NA,51003011400,A15,0,37.8,-78.5,2,NA,0,3,0,10,1,1992-10-12T04:00:00Z,1985-02-07T05:00:00Z,2449.73,3623.56,NA,0,1,0,VA,20000,10000,1985,NA,0,613f4a9df2b55a0837062278
0,2021-07-25T01:39:04Z,NA,NA,Temporarily Unavailable,N,1,51003,NA,2014-05-16T04:00:00Z,0,NA,NA,51003011000,X,0,38,-78.5,4,NA,0,2,0,NA,1,1956-01-01T05:00:00Z,2010-05-13T04:00:00Z,1856.35,NA,NA,0,7,0,VA,250000,100000,2014,22903,1,613f4a9ef2b55a0837063348
0,2021-07-25T01:39:04Z,NA,NA,Temporarily Unavailable,N,1,51003,NA,1987-04-17T04:00:00Z,0,NA,NA,51003011400,A12,0,37.8,-78.5,4,NA,0,2,0,10,4,1992-10-12T04:00:00Z,1985-05-08T04:00:00Z,7051.05,NA,NA,0,1,0,VA,22000,0,1987,24590,0,613f4aa9f2b55a083706b4c7
